{
  "best_genome": {
    "break_even_enabled": 1,
    "break_even_offset_bps": 8.956935304774861,
    "break_even_trigger_r": 1.2445444561339176,
    "cooldown_min": 27,
    "entry_mode": "limit",
    "fallback_delay_min": 6,
    "fallback_to_market": 1,
    "killzone_filter": 0,
    "limit_offset_bps": 8.0,
    "max_fill_delay_min": 12,
    "max_taker_share": 0.1546878639914848,
    "micro_vol_filter": 0,
    "min_entry_improvement_bps_gate": 0.26028296330240863,
    "min_signal_quality_gate": 0.25474910544238205,
    "mss_displacement_gate": 1,
    "partial_take_enabled": 1,
    "partial_take_pct": 0.6232904318756305,
    "partial_take_r": 0.5516650286730004,
    "skip_if_vol_gate": 0,
    "sl_mult": 0.9774981745113651,
    "spread_guard_bps": 42.18816969865864,
    "time_stop_min": 2716,
    "tp_mult": 1.9858305135527106,
    "trail_start_r": 1.8377064916517705,
    "trail_step_bps": 37.2215790911817,
    "trailing_enabled": 1,
    "use_signal_quality_gate": 0,
    "vol_threshold": 1.935656014073358
  },
  "best_hash": "a9e920f46e42e426c5e46c1b",
  "best_metrics": {
    "constraint_fail_reason": "",
    "constraint_pass": 1,
    "data_quality_fail_reason": "",
    "data_quality_pass": 1,
    "eval_time_sec": 0.19857048988342285,
    "expected_split_count": 5,
    "fee_model_identical": 1,
    "hard_invalid": 1,
    "invalid_reason": "SOLUSDT:entry_rate|SOLUSDT:trades<50|overall:entry_rate|overall:trades<200",
    "lookahead_violations": 0,
    "median_split_expectancy_net": 0.0,
    "min_split_expectancy_net": -5.5833636604637995e-05,
    "nan_fail_reason": "",
    "nan_pass": 1,
    "overall_baseline_cvar_5": -0.0021995200959809085,
    "overall_baseline_expectancy_net": -0.0008378556817156361,
    "overall_baseline_max_drawdown": -0.4453465256691803,
    "overall_baseline_pnl_net_sum": -0.301628045417629,
    "overall_baseline_pnl_std": 0.00810629864908505,
    "overall_baseline_sl_hit_rate_valid": 0.9555555555555556,
    "overall_baseline_worst_decile_mean": -0.002199520095980892,
    "overall_cvar_improve_ratio": 0.8783691452110907,
    "overall_delta_expectancy_exec_minus_baseline": 0.0008267540921407071,
    "overall_entries_valid": 6,
    "overall_entry_rate": 0.016666666666666666,
    "overall_exec_cvar_5": -0.0002675295093995418,
    "overall_exec_expectancy_net": -1.1101589574928955e-05,
    "overall_exec_max_drawdown": -0.004815531169191752,
    "overall_exec_median_entry_improvement_bps": 7.999999999999792,
    "overall_exec_median_fill_delay_min": 10.5,
    "overall_exec_p95_fill_delay_min": 17.25,
    "overall_exec_pnl_net_sum": -0.003996572246974424,
    "overall_exec_pnl_std": 0.0001476837503064163,
    "overall_exec_sl_hit_rate_valid": 0.5,
    "overall_exec_taker_share": 0.0,
    "overall_exec_worst_decile_mean": -0.0001337647546997709,
    "overall_maxdd_improve_ratio": 0.9891870018252508,
    "overall_min_trades_required": 200,
    "overall_missing_slice_rate": 0.0,
    "overall_signals_total": 360,
    "participation_fail_reason": "SOLUSDT:entry_rate|SOLUSDT:trades<50|overall:entry_rate|overall:trades<200",
    "participation_pass": 0,
    "rank_key": [
      0.0,
      1.0,
      0.0,
      1.0,
      -1.1101589574928955e-05,
      0.8783691452110907,
      0.9891870018252508,
      0.0,
      -2.2366379207179515e-05
    ],
    "realism_fail_reason": "",
    "realism_pass": 1,
    "split_count": 5,
    "split_fail_reason": "",
    "split_pass": 1,
    "std_split_expectancy_net": 2.2366379207179515e-05,
    "tail_gate_pass_cvar": 1,
    "tail_gate_pass_maxdd": 1,
    "valid_for_ranking": 0,
    "viability_fail_reason": "SOLUSDT:entry_rate|SOLUSDT:trades<50|overall:entry_rate|overall:trades<200",
    "viability_pass": 0
  },
  "best_rank_key": [
    0.0,
    1.0,
    0.0,
    1.0,
    -1.1101589574928955e-05,
    0.8783691452110907,
    0.9891870018252508,
    0.0,
    -2.2366379207179515e-05
  ],
  "constraint_fail_count": 0,
  "constraint_fail_hist": {
    "SOLUSDT:entry_rate": 14,
    "SOLUSDT:entry_rate|SOLUSDT:trades<50|overall:entry_rate|overall:trades<200": 29,
    "SOLUSDT:entry_rate|overall:entry_rate": 2,
    "SOLUSDT:entry_rate|overall:entry_rate|overall:trades<200": 3
  },
  "eval_perf": {
    "avg_eval_time_per_new": 0.1252754032611847,
    "cache_hit_count": 0,
    "cache_hit_rate": 0.0,
    "eval_time_sec": 6.013219356536865,
    "population_size": 48,
    "population_unique_hashes": 48,
    "uncached_count": 48
  },
  "generated_utc": "2026-02-22T18:46:48.658687+00:00",
  "generation": 0,
  "invalid_count": 48,
  "invalid_reason_histogram": {
    "SOLUSDT:entry_rate": 48,
    "SOLUSDT:median_fill_delay": 25,
    "SOLUSDT:nan_or_inf": 25,
    "SOLUSDT:p95_fill_delay": 25,
    "SOLUSDT:taker_share": 25,
    "SOLUSDT:trades<50": 29,
    "overall:entry_rate": 34,
    "overall:median_fill_delay": 25,
    "overall:nan_or_inf": 25,
    "overall:p95_fill_delay": 25,
    "overall:taker_share": 25,
    "overall:trades<200": 32
  },
  "nan_fail_count": 25,
  "no_improve_gens": 0,
  "no_viable_gens": 1,
  "participation_fail_count": 48,
  "population_size": 48,
  "pre_eval_dedupe": {
    "pre_eval_duplicates_removed": 0,
    "pre_eval_refill_cache_skip_count": 0,
    "pre_eval_refill_count": 0,
    "pre_eval_refill_duplicate_skip_count": 0,
    "pre_eval_target_size": 48,
    "pre_eval_unique_size": 48
  },
  "pre_eval_duplicates_removed_total": 0,
  "pre_eval_refill_cache_skip_total": 0,
  "pre_eval_refill_duplicate_skip_total": 0,
  "pre_eval_refill_total": 0,
  "realism_fail_count": 25,
  "sampler_reject_histogram": {},
  "sampler_repair_histogram": {
    "cap_cooldown_min_tight": 21,
    "cap_fallback_delay_min_tight": 24,
    "cap_limit_offset_bps_tight": 11,
    "cap_min_entry_improvement_gate_tight": 20,
    "cap_signal_quality_gate_tight": 1,
    "disable_killzone_filter_tight": 1,
    "disable_skip_if_vol_gate_under_micro_filter": 4,
    "enforce_fallback_for_nonmarket": 5,
    "ensure_fill_window_for_displacement_gate": 8,
    "raise_spread_guard_floor_tight": 3,
    "soften_quality_gate_under_stack": 2
  },
  "valid_count": 0
}