{
  "ae_s1_anchor_metrics_e1": {
    "budget_norm_error": 0.0,
    "cvar_5_weighted": -0.0019744742763300053,
    "effective_exposure_concentration_top_decile_share": 0.11501597444089458,
    "entries_valid": 355,
    "entry_rate": 0.9861111111111112,
    "exec_expectancy_net_weighted": 0.0001282123424918761,
    "invariance_entries_match": 1,
    "invariance_entry_rate_match": 1,
    "invariance_fill_delay_match": 1,
    "invariance_taker_share_match": 1,
    "max_consecutive_losses": 33,
    "max_drawdown_weighted": -0.18506152090582437,
    "median_split_expectancy_net_weighted": 4.396869033307479e-06,
    "min_split_expectancy_net_weighted": -0.0012153972356198745,
    "p95_fill_delay_min": 15.900000000000034,
    "pnl_std_weighted": 0.008794016331210358,
    "size_mean": 1.0,
    "size_p10": 0.5670926517571885,
    "size_p50": 1.134185303514377,
    "size_p90": 1.134185303514377,
    "size_std": 0.24101826469702614,
    "std_split_expectancy_net_weighted": 0.0012391990063349253,
    "streak_ge10_count": 12,
    "streak_ge5_count": 20,
    "taker_share": 0.08169014084507042,
    "total_pnl_net_sum_weighted": 0.0461564432970754,
    "weighted_loss_run_burden": 0.9722490473136723,
    "weighted_tail_loss_share": 0.1447347338500465
  },
  "ae_s1_cvar_improve_vs_flat": -0.10941357946479312,
  "ae_s1_delta_expectancy_vs_flat": 7.172043538412298e-05,
  "ae_s1_maxdd_improve_vs_flat": 0.009925365321000338,
  "baseline_candidates": {
    "E1": {
      "exec_expectancy_net": 5.6491907107753134e-05,
      "hash": "862c940746de0da984862d95",
      "valid_for_ranking": 1
    },
    "E2": {
      "exec_expectancy_net": 5.552012202267841e-05,
      "hash": "992bd371689ba3936f3b4d09",
      "valid_for_ranking": 1
    }
  },
  "flat_weighted_metrics_e1": {
    "budget_norm_error": 0.0,
    "cvar_5_weighted": -0.001779745906195359,
    "effective_exposure_concentration_top_decile_share": 0.10140845070422536,
    "entries_valid": 355,
    "entry_rate": 0.9861111111111112,
    "exec_expectancy_net_weighted": 5.6491907107753134e-05,
    "invariance_entries_match": 1,
    "invariance_entry_rate_match": 1,
    "invariance_fill_delay_match": 1,
    "invariance_taker_share_match": 1,
    "max_consecutive_losses": 33,
    "max_drawdown_weighted": -0.18691673781323032,
    "median_split_expectancy_net_weighted": 6.468296017380045e-06,
    "min_split_expectancy_net_weighted": -0.0011756882201249827,
    "p95_fill_delay_min": 15.900000000000034,
    "pnl_std_weighted": 0.00796124341853375,
    "size_mean": 1.0,
    "size_p10": 1.0,
    "size_p50": 1.0,
    "size_p90": 1.0,
    "size_std": 0.0,
    "std_split_expectancy_net_weighted": 0.0011500684168679143,
    "streak_ge10_count": 12,
    "streak_ge5_count": 20,
    "taker_share": 0.08169014084507042,
    "total_pnl_net_sum_weighted": 0.02033708655879113,
    "weighted_loss_run_burden": 0.9689575473588325,
    "weighted_tail_loss_share": 0.12942650975668255
  },
  "freeze_lock_validation": {
    "allow_freeze_hash_mismatch": 0,
    "canonical_fee_model_path": "/root/analysis/0.87/reports/execution_layer/BASELINE_AUDIT_20260221_214310/fee_model.json",
    "canonical_fee_model_sha256": "b54445675e835778cb25f7256b061d885474255335a3c975613f2c7d52710f4a",
    "canonical_metrics_definition_path": "/root/analysis/0.87/reports/execution_layer/BASELINE_AUDIT_20260221_214310/metrics_definition.md",
    "canonical_metrics_definition_sha256": "d3c55348888498d32832a083765b57b0088a43b2fca0b232cccbcf0a8d187c99",
    "copied_verbatim_fee": 1,
    "copied_verbatim_metrics": 1,
    "expected_fee_model_sha256": "b54445675e835778cb25f7256b061d885474255335a3c975613f2c7d52710f4a",
    "expected_metrics_definition_sha256": "d3c55348888498d32832a083765b57b0088a43b2fca0b232cccbcf0a8d187c99",
    "fee_hash_match_expected": 1,
    "fee_value_diffs": {},
    "fee_value_match_args": 1,
    "freeze_lock_pass": 1,
    "generated_utc": "2026-02-23T12:05:14.740380+00:00",
    "metrics_hash_match_expected": 1,
    "run_fee_model_sha256": "b54445675e835778cb25f7256b061d885474255335a3c975613f2c7d52710f4a",
    "run_metrics_definition_sha256": "d3c55348888498d32832a083765b57b0088a43b2fca0b232cccbcf0a8d187c99"
  },
  "frozen_contract": {
    "canonical_fee_model": "/root/analysis/0.87/reports/execution_layer/BASELINE_AUDIT_20260221_214310/fee_model.json",
    "canonical_metrics_definition": "/root/analysis/0.87/reports/execution_layer/BASELINE_AUDIT_20260221_214310/metrics_definition.md",
    "fee_hash_match": 1,
    "fee_sha256": "b54445675e835778cb25f7256b061d885474255335a3c975613f2c7d52710f4a",
    "metrics_hash_match": 1,
    "metrics_sha256": "d3c55348888498d32832a083765b57b0088a43b2fca0b232cccbcf0a8d187c99",
    "representative_subset_csv": "/root/analysis/0.87/reports/execution_layer/PHASEE2_SOL_REPRESENTATIVE_20260222_021052/representative_subset_signals.csv"
  },
  "generated_utc": "2026-02-23T12:06:17.377030+00:00",
  "phase": "AF1",
  "run_dir": "/root/analysis/0.87/reports/execution_layer/PHASEAF_SIZING_PILOT_20260223_120514"
}