{
  "best_hash": "10d5a6fc4d8ea1417a165ec4",
  "generated_utc": "2026-02-22T19:23:05.985944+00:00",
  "genome": {
    "break_even_enabled": 1,
    "break_even_offset_bps": 6.987036300939686,
    "break_even_trigger_r": 0.3967605155074968,
    "cooldown_min": 9,
    "entry_mode": "hybrid",
    "fallback_delay_min": 3,
    "fallback_to_market": 1,
    "killzone_filter": 0,
    "limit_offset_bps": 0.7728376647613376,
    "max_fill_delay_min": 44,
    "max_taker_share": 0.06286614883465885,
    "micro_vol_filter": 0,
    "min_entry_improvement_bps_gate": 0.3168936870163198,
    "min_signal_quality_gate": 0.1249491827953634,
    "mss_displacement_gate": 0,
    "partial_take_enabled": 1,
    "partial_take_pct": 0.24646559534775064,
    "partial_take_r": 1.0941149864899289,
    "skip_if_vol_gate": 0,
    "sl_mult": 1.2237220751713214,
    "spread_guard_bps": 87.08113275076953,
    "time_stop_min": 3310,
    "tp_mult": 1.0951149864899288,
    "trail_start_r": 1.7168755037102716,
    "trail_step_bps": 47.41307935025708,
    "trailing_enabled": 0,
    "use_signal_quality_gate": 0,
    "vol_threshold": 4.2926290327975964
  },
  "metrics": {
    "constraint_fail_reason": "",
    "constraint_pass": 1,
    "data_quality_fail_reason": "",
    "data_quality_pass": 1,
    "eval_time_sec": 1.1552791595458984,
    "expected_split_count": 5,
    "fee_model_identical": 1,
    "hard_invalid": 0,
    "invalid_reason": "",
    "lookahead_violations": 0,
    "median_split_expectancy_net": -0.0010538223884112052,
    "min_split_expectancy_net": -0.0012004134478078915,
    "nan_fail_reason": "",
    "nan_pass": 1,
    "overall_baseline_cvar_5": -0.0021995200959809085,
    "overall_baseline_expectancy_net": -0.0008378556817156361,
    "overall_baseline_max_drawdown": -0.4453465256691803,
    "overall_baseline_pnl_net_sum": -0.301628045417629,
    "overall_baseline_pnl_std": 0.00810629864908505,
    "overall_baseline_sl_hit_rate_valid": 0.9555555555555556,
    "overall_baseline_worst_decile_mean": -0.002199520095980892,
    "overall_cvar_improve_ratio": 0.057338160100417576,
    "overall_delta_expectancy_exec_minus_baseline": 8.79674330347851e-05,
    "overall_entries_valid": 351,
    "overall_entry_rate": 0.975,
    "overall_exec_cvar_5": -0.0020734036605734693,
    "overall_exec_expectancy_net": -0.000749888248680851,
    "overall_exec_max_drawdown": -0.34023811063875165,
    "overall_exec_median_entry_improvement_bps": 0.7728376647608362,
    "overall_exec_median_fill_delay_min": 0.0,
    "overall_exec_p95_fill_delay_min": 3.0,
    "overall_exec_pnl_net_sum": -0.26995976952510636,
    "overall_exec_pnl_std": 0.004361962707516949,
    "overall_exec_sl_hit_rate_valid": 0.8404558404558404,
    "overall_exec_taker_share": 0.0,
    "overall_exec_worst_decile_mean": -0.002073403660573423,
    "overall_maxdd_improve_ratio": 0.23601489844900472,
    "overall_min_trades_required": 200,
    "overall_missing_slice_rate": 0.0,
    "overall_signals_total": 360,
    "participation_fail_reason": "",
    "participation_pass": 1,
    "rank_key": [
      1.0,
      1.0,
      1.0,
      1.0,
      -0.000749888248680851,
      0.057338160100417576,
      0.23601489844900472,
      -0.0010538223884112052,
      -0.0006292872730996626
    ],
    "realism_fail_reason": "",
    "realism_pass": 1,
    "split_count": 5,
    "split_fail_reason": "",
    "split_pass": 1,
    "std_split_expectancy_net": 0.0006292872730996626,
    "tail_gate_pass_cvar": 0,
    "tail_gate_pass_maxdd": 1,
    "valid_for_ranking": 1,
    "viability_fail_reason": "",
    "viability_pass": 1
  },
  "repro_check_pass": 1
}