{
  "best_genome": {
    "break_even_enabled": 1,
    "break_even_offset_bps": 6.987036300939686,
    "break_even_trigger_r": 0.3967605155074968,
    "cooldown_min": 9,
    "entry_mode": "hybrid",
    "fallback_delay_min": 3,
    "fallback_to_market": 1,
    "killzone_filter": 0,
    "limit_offset_bps": 0.7728376647613376,
    "max_fill_delay_min": 44,
    "max_taker_share": 0.06286614883465885,
    "micro_vol_filter": 0,
    "min_entry_improvement_bps_gate": 0.3168936870163198,
    "min_signal_quality_gate": 0.1249491827953634,
    "mss_displacement_gate": 0,
    "partial_take_enabled": 1,
    "partial_take_pct": 0.24646559534775064,
    "partial_take_r": 1.0941149864899289,
    "skip_if_vol_gate": 0,
    "sl_mult": 1.2237220751713214,
    "spread_guard_bps": 87.08113275076953,
    "time_stop_min": 3310,
    "tp_mult": 1.0951149864899288,
    "trail_start_r": 1.7168755037102716,
    "trail_step_bps": 47.41307935025708,
    "trailing_enabled": 0,
    "use_signal_quality_gate": 0,
    "vol_threshold": 4.2926290327975964
  },
  "best_hash": "10d5a6fc4d8ea1417a165ec4",
  "best_metrics": {
    "constraint_fail_reason": "",
    "constraint_pass": 1,
    "data_quality_fail_reason": "",
    "data_quality_pass": 1,
    "eval_time_sec": 1.1028344631195068,
    "expected_split_count": 5,
    "fee_model_identical": 1,
    "hard_invalid": 0,
    "invalid_reason": "",
    "lookahead_violations": 0,
    "median_split_expectancy_net": -0.0010538223884112052,
    "min_split_expectancy_net": -0.0012004134478078915,
    "nan_fail_reason": "",
    "nan_pass": 1,
    "overall_baseline_cvar_5": -0.0021995200959809085,
    "overall_baseline_expectancy_net": -0.0008378556817156361,
    "overall_baseline_max_drawdown": -0.4453465256691803,
    "overall_baseline_pnl_net_sum": -0.301628045417629,
    "overall_baseline_pnl_std": 0.00810629864908505,
    "overall_baseline_sl_hit_rate_valid": 0.9555555555555556,
    "overall_baseline_worst_decile_mean": -0.002199520095980892,
    "overall_cvar_improve_ratio": 0.057338160100417576,
    "overall_delta_expectancy_exec_minus_baseline": 8.79674330347851e-05,
    "overall_entries_valid": 351,
    "overall_entry_rate": 0.975,
    "overall_exec_cvar_5": -0.0020734036605734693,
    "overall_exec_expectancy_net": -0.000749888248680851,
    "overall_exec_max_drawdown": -0.34023811063875165,
    "overall_exec_median_entry_improvement_bps": 0.7728376647608362,
    "overall_exec_median_fill_delay_min": 0.0,
    "overall_exec_p95_fill_delay_min": 3.0,
    "overall_exec_pnl_net_sum": -0.26995976952510636,
    "overall_exec_pnl_std": 0.004361962707516949,
    "overall_exec_sl_hit_rate_valid": 0.8404558404558404,
    "overall_exec_taker_share": 0.0,
    "overall_exec_worst_decile_mean": -0.002073403660573423,
    "overall_maxdd_improve_ratio": 0.23601489844900472,
    "overall_min_trades_required": 200,
    "overall_missing_slice_rate": 0.0,
    "overall_signals_total": 360,
    "participation_fail_reason": "",
    "participation_pass": 1,
    "rank_key": [
      1.0,
      1.0,
      1.0,
      1.0,
      -0.000749888248680851,
      0.057338160100417576,
      0.23601489844900472,
      -0.0010538223884112052,
      -0.0006292872730996626
    ],
    "realism_fail_reason": "",
    "realism_pass": 1,
    "split_count": 5,
    "split_fail_reason": "",
    "split_pass": 1,
    "std_split_expectancy_net": 0.0006292872730996626,
    "tail_gate_pass_cvar": 0,
    "tail_gate_pass_maxdd": 1,
    "valid_for_ranking": 1,
    "viability_fail_reason": "",
    "viability_pass": 1
  },
  "best_rank_key": [
    1.0,
    1.0,
    1.0,
    1.0,
    -0.000749888248680851,
    0.057338160100417576,
    0.23601489844900472,
    -0.0010538223884112052,
    -0.0006292872730996626
  ],
  "constraint_fail_count": 0,
  "constraint_fail_hist": {
    "SOLUSDT:entry_rate": 42,
    "SOLUSDT:entry_rate|SOLUSDT:trades<50|overall:entry_rate|overall:trades<200": 13
  },
  "eval_perf": {
    "avg_eval_time_per_new": 0.21714712778727213,
    "cache_hit_count": 0,
    "cache_hit_rate": 0.0,
    "eval_time_sec": 13.028827667236328,
    "population_size": 60,
    "population_unique_hashes": 60,
    "uncached_count": 60
  },
  "generated_utc": "2026-02-22T19:23:03.681946+00:00",
  "generation": 0,
  "invalid_count": 55,
  "invalid_reason_histogram": {
    "SOLUSDT:entry_rate": 55,
    "SOLUSDT:median_fill_delay": 10,
    "SOLUSDT:nan_or_inf": 10,
    "SOLUSDT:p95_fill_delay": 10,
    "SOLUSDT:taker_share": 10,
    "SOLUSDT:trades<50": 13,
    "overall:entry_rate": 13,
    "overall:median_fill_delay": 10,
    "overall:nan_or_inf": 10,
    "overall:p95_fill_delay": 10,
    "overall:taker_share": 10,
    "overall:trades<200": 13
  },
  "nan_fail_count": 10,
  "no_improve_gens": 0,
  "no_viable_gens": 0,
  "participation_fail_count": 55,
  "population_size": 60,
  "pre_eval_dedupe": {
    "pre_eval_duplicates_removed": 0,
    "pre_eval_refill_cache_skip_count": 0,
    "pre_eval_refill_count": 0,
    "pre_eval_refill_duplicate_skip_count": 0,
    "pre_eval_target_size": 60,
    "pre_eval_unique_size": 60
  },
  "pre_eval_duplicates_removed_total": 0,
  "pre_eval_refill_cache_skip_total": 0,
  "pre_eval_refill_duplicate_skip_total": 0,
  "pre_eval_refill_total": 0,
  "realism_fail_count": 10,
  "sampler_reject_histogram": {
    "displacement_with_strict_entry_improvement_gate": 3
  },
  "sampler_repair_histogram": {
    "align_entry_improve_with_limit_offset": 5,
    "cap_cooldown_min_tight": 8,
    "cap_entry_improvement_with_displacement": 3,
    "cap_fallback_delay_min_tight": 50,
    "cap_limit_offset_bps_tight": 2,
    "cap_limit_offset_with_displacement": 2,
    "cap_min_entry_improvement_gate_tight": 2,
    "ensure_fill_window_for_displacement_gate": 2,
    "raise_spread_guard_floor_tight": 2,
    "raise_spread_guard_with_displacement": 2,
    "soften_quality_gate_under_stack": 1,
    "tighten_fallback_delay_with_displacement": 3
  },
  "sampler_telemetry": {
    "proposal_exploration_count": 14,
    "proposal_feasible_prior_count": 49,
    "proposed_post_repair_total": 60,
    "proposed_pre_repair_total": 63,
    "reject_reason::displacement_with_strict_entry_improvement_gate": 3,
    "rejected_invalid_construction_total": 3,
    "repaired_for_participation_risk_total": 44,
    "risk_bucket_changed_by_repair_total": 5,
    "risk_bucket_post::low": 57,
    "risk_bucket_post::medium": 3,
    "risk_bucket_pre::high": 2,
    "risk_bucket_pre::low": 53,
    "risk_bucket_pre::medium": 8
  },
  "valid_count": 5
}