{
  "best_genome": {
    "break_even_enabled": 1,
    "break_even_offset_bps": 8.561955195943305,
    "break_even_trigger_r": 1.303564900237262,
    "cooldown_min": 101,
    "entry_mode": "hybrid",
    "fallback_delay_min": 127,
    "fallback_to_market": 1,
    "killzone_filter": 0,
    "limit_offset_bps": 18.630819632164457,
    "max_fill_delay_min": 127,
    "max_taker_share": 0.4553446168665011,
    "micro_vol_filter": 1,
    "min_entry_improvement_bps_gate": 4.703077445838993,
    "min_signal_quality_gate": 0.5259510868075614,
    "mss_displacement_gate": 1,
    "partial_take_enabled": 1,
    "partial_take_pct": 0.7896501440325271,
    "partial_take_r": 1.3436403760346585,
    "skip_if_vol_gate": 1,
    "sl_mult": 1.4698753293366325,
    "spread_guard_bps": 11.028419342831238,
    "time_stop_min": 1799,
    "tp_mult": 2.8134779490530444,
    "trail_start_r": 1.7327038910102126,
    "trail_step_bps": 40.447244237789505,
    "trailing_enabled": 0,
    "use_signal_quality_gate": 0,
    "vol_threshold": 2.602419631089124
  },
  "best_hash": "fe82190017d8541dad315130",
  "best_metrics": {
    "constraint_fail_reason": "",
    "constraint_pass": 1,
    "data_quality_fail_reason": "",
    "data_quality_pass": 1,
    "eval_time_sec": 0.1751713752746582,
    "expected_split_count": 5,
    "fee_model_identical": 1,
    "hard_invalid": 1,
    "invalid_reason": "SOLUSDT:entry_rate|SOLUSDT:trades<50|overall:entry_rate|overall:trades<200",
    "lookahead_violations": 0,
    "median_split_expectancy_net": 4.445608384999019e-05,
    "min_split_expectancy_net": -0.00017751469752024041,
    "nan_fail_reason": "",
    "nan_pass": 1,
    "overall_baseline_cvar_5": -0.0021995200959808773,
    "overall_baseline_expectancy_net": -0.00199005811915164,
    "overall_baseline_max_drawdown": -0.11720396705311753,
    "overall_baseline_pnl_net_sum": -0.11940348714909838,
    "overall_baseline_pnl_std": 0.001608907972661169,
    "overall_baseline_sl_hit_rate_valid": 0.9833333333333333,
    "overall_baseline_worst_decile_mean": -0.0021995200959808773,
    "overall_cvar_improve_ratio": 0.22692814256199503,
    "overall_delta_expectancy_exec_minus_baseline": 0.0019954866073275085,
    "overall_entries_valid": 12,
    "overall_entry_rate": 0.2,
    "overall_exec_cvar_5": -0.0017003870860721557,
    "overall_exec_expectancy_net": 5.428488175868652e-06,
    "overall_exec_max_drawdown": -0.0029221976976760078,
    "overall_exec_median_entry_improvement_bps": 18.630819632164858,
    "overall_exec_median_fill_delay_min": 30.0,
    "overall_exec_p95_fill_delay_min": 180.5999999999999,
    "overall_exec_pnl_net_sum": 0.00032570929055211913,
    "overall_exec_pnl_std": 0.0005210969817104272,
    "overall_exec_sl_hit_rate_valid": 0.25,
    "overall_exec_taker_share": 0.25,
    "overall_exec_worst_decile_mean": -0.000982197097608265,
    "overall_maxdd_improve_ratio": 0.975067416477877,
    "overall_min_trades_required": 200,
    "overall_missing_slice_rate": 0.0,
    "overall_signals_total": 60,
    "participation_fail_reason": "SOLUSDT:entry_rate|SOLUSDT:trades<50|overall:entry_rate|overall:trades<200",
    "participation_pass": 0,
    "rank_key": [
      0.0,
      1.0,
      0.0,
      1.0,
      5.428488175868652e-06,
      0.22692814256199503,
      0.975067416477877,
      4.445608384999019e-05,
      -9.215351293569279e-05
    ],
    "realism_fail_reason": "",
    "realism_pass": 1,
    "split_count": 5,
    "split_fail_reason": "",
    "split_pass": 1,
    "std_split_expectancy_net": 9.215351293569279e-05,
    "tail_gate_pass_cvar": 1,
    "tail_gate_pass_maxdd": 1,
    "valid_for_ranking": 0,
    "viability_fail_reason": "SOLUSDT:entry_rate|SOLUSDT:trades<50|overall:entry_rate|overall:trades<200",
    "viability_pass": 0
  },
  "best_rank_key": [
    0.0,
    1.0,
    0.0,
    1.0,
    5.428488175868652e-06,
    0.22692814256199503,
    0.975067416477877,
    4.445608384999019e-05,
    -9.215351293569279e-05
  ],
  "constraint_fail_count": 0,
  "constraint_fail_hist": {
    "SOLUSDT:entry_rate|SOLUSDT:trades<50|overall:entry_rate|overall:trades<200": 31,
    "overall:trades<200": 1
  },
  "eval_perf": {
    "avg_eval_time_per_new": 0.15145042737325032,
    "cache_hit_count": 2,
    "cache_hit_rate": 0.0625,
    "eval_time_sec": 4.54351282119751,
    "population_size": 32,
    "uncached_count": 30
  },
  "generated_utc": "2026-02-21T21:32:31.078612+00:00",
  "generation": 2,
  "invalid_count": 32,
  "invalid_reason_histogram": {
    "SOLUSDT:entry_rate": 84,
    "SOLUSDT:median_fill_delay": 1,
    "SOLUSDT:taker_share": 27,
    "SOLUSDT:trades<50": 92,
    "overall:entry_rate": 89,
    "overall:trades<200": 96
  },
  "nan_fail_count": 0,
  "no_improve_gens": 0,
  "no_viable_gens": 3,
  "participation_fail_count": 32,
  "population_size": 32,
  "realism_fail_count": 4,
  "valid_count": 0
}