{
  "best_hash": "b2b84fb8690026582d850f83",
  "generation": 0,
  "population": [
    {
      "break_even_enabled": 1,
      "break_even_offset_bps": 6.539225335338404,
      "break_even_trigger_r": 1.4559472264069584,
      "cooldown_min": 83,
      "entry_mode": "limit",
      "fallback_delay_min": 14,
      "fallback_to_market": 1,
      "killzone_filter": 0,
      "limit_offset_bps": 25.972268557497642,
      "max_fill_delay_min": 29,
      "max_taker_share": 0.12696031826556778,
      "micro_vol_filter": 0,
      "min_entry_improvement_bps_gate": 8.931863055139967,
      "min_signal_quality_gate": 0.7781084065432433,
      "mss_displacement_gate": 0,
      "partial_take_enabled": 0,
      "partial_take_pct": 0.2521666102383433,
      "partial_take_r": 0.37146132620262595,
      "skip_if_vol_gate": 0,
      "sl_mult": 1.2157789645820534,
      "spread_guard_bps": 20.47634556167222,
      "time_stop_min": 343,
      "tp_mult": 0.8544878231486404,
      "trail_start_r": 1.43469267727808,
      "trail_step_bps": 41.75337964214892,
      "trailing_enabled": 0,
      "use_signal_quality_gate": 0,
      "vol_threshold": 1.5539810315646299
    },
    {
      "break_even_enabled": 1,
      "break_even_offset_bps": 5.128846413570638,
      "break_even_trigger_r": 1.1974875613084612,
      "cooldown_min": 0,
      "entry_mode": "hybrid",
      "fallback_delay_min": 13,
      "fallback_to_market": 0,
      "killzone_filter": 1,
      "limit_offset_bps": 25.27281385555596,
      "max_fill_delay_min": 33,
      "max_taker_share": 0.16007292697979428,
      "micro_vol_filter": 1,
      "min_entry_improvement_bps_gate": 19.953124009261686,
      "min_signal_quality_gate": 0.8473097733028044,
      "mss_displacement_gate": 1,
      "partial_take_enabled": 1,
      "partial_take_pct": 0.33272231451579054,
      "partial_take_r": 0.42936372619793073,
      "skip_if_vol_gate": 0,
      "sl_mult": 1.728366434137865,
      "spread_guard_bps": 3.3995504550128786,
      "time_stop_min": 2080,
      "tp_mult": 2.989229104140498,
      "trail_start_r": 0.6053352493398889,
      "trail_step_bps": 38.54810643410995,
      "trailing_enabled": 0,
      "use_signal_quality_gate": 0,
      "vol_threshold": 1.0137813164841276
    },
    {
      "break_even_enabled": 0,
      "break_even_offset_bps": 7.070160292166942,
      "break_even_trigger_r": 0.41824558606732587,
      "cooldown_min": 98,
      "entry_mode": "market",
      "fallback_delay_min": 0,
      "fallback_to_market": 1,
      "killzone_filter": 0,
      "limit_offset_bps": 27.811264450163826,
      "max_fill_delay_min": 3,
      "max_taker_share": 0.09386580247498849,
      "micro_vol_filter": 1,
      "min_entry_improvement_bps_gate": 6.737856728903084,
      "min_signal_quality_gate": 0.4192304957189792,
      "mss_displacement_gate": 1,
      "partial_take_enabled": 0,
      "partial_take_pct": 0.2507083740676932,
      "partial_take_r": 1.118492930167572,
      "skip_if_vol_gate": 0,
      "sl_mult": 0.32575416891969405,
      "spread_guard_bps": 22.64966983480898,
      "time_stop_min": 3359,
      "tp_mult": 1.2780240724344853,
      "trail_start_r": 0.589840104411615,
      "trail_step_bps": 40.05405408035473,
      "trailing_enabled": 0,
      "use_signal_quality_gate": 0,
      "vol_threshold": 2.259374202930294
    },
    {
      "break_even_enabled": 0,
      "break_even_offset_bps": 2.5827755786162045,
      "break_even_trigger_r": 0.5165542107219032,
      "cooldown_min": 95,
      "entry_mode": "limit",
      "fallback_delay_min": 9,
      "fallback_to_market": 0,
      "killzone_filter": 0,
      "limit_offset_bps": 12.62266851739263,
      "max_fill_delay_min": 13,
      "max_taker_share": 0.06744874429764958,
      "micro_vol_filter": 1,
      "min_entry_improvement_bps_gate": 19.916714408155812,
      "min_signal_quality_gate": 0.6012838435819388,
      "mss_displacement_gate": 1,
      "partial_take_enabled": 0,
      "partial_take_pct": 0.5661878385340416,
      "partial_take_r": 0.40814060755431625,
      "skip_if_vol_gate": 0,
      "sl_mult": 1.2808317182255213,
      "spread_guard_bps": 0.7852283748120703,
      "time_stop_min": 344,
      "tp_mult": 2.005046238039353,
      "trail_start_r": 1.7454342167413768,
      "trail_step_bps": 19.922327828381423,
      "trailing_enabled": 1,
      "use_signal_quality_gate": 0,
      "vol_threshold": 3.9937111560597667
    }
  ]
}