{
  "best_genome": {
    "break_even_enabled": 0,
    "break_even_offset_bps": 2.8959529929128545,
    "break_even_trigger_r": 0.46029205743942625,
    "cooldown_min": 19,
    "entry_mode": "limit",
    "fallback_delay_min": 1,
    "fallback_to_market": 0,
    "killzone_filter": 0,
    "limit_offset_bps": 25.95721662258688,
    "max_fill_delay_min": 36,
    "max_taker_share": 0.08629516611411384,
    "micro_vol_filter": 0,
    "min_entry_improvement_bps_gate": 2.2498176762220767,
    "min_signal_quality_gate": 0.0,
    "mss_displacement_gate": 0,
    "partial_take_enabled": 1,
    "partial_take_pct": 0.9,
    "partial_take_r": 1.4400475301317872,
    "skip_if_vol_gate": 1,
    "sl_mult": 1.7638669419193769,
    "spread_guard_bps": 55.35187970977983,
    "time_stop_min": 3241,
    "tp_mult": 2.3879247906683196,
    "trail_start_r": 0.9678355158463121,
    "trail_step_bps": 17.252937867664194,
    "trailing_enabled": 0,
    "use_signal_quality_gate": 0,
    "vol_threshold": 1.4222710450176481
  },
  "best_hash": "2fdf64b8063ce39a216d4b28",
  "best_metrics": {
    "constraint_fail_reason": "",
    "constraint_pass": 1,
    "eval_time_sec": 0.3665041923522949,
    "fee_model_identical": 1,
    "lookahead_violations": 0,
    "min_split_expectancy_net": -0.0002177844581546665,
    "overall_baseline_cvar_5": -0.0021995200959808894,
    "overall_baseline_expectancy_net": -0.0012977419701309617,
    "overall_baseline_max_drawdown": -0.310761735499424,
    "overall_baseline_pnl_net_sum": -0.23359355462357312,
    "overall_baseline_pnl_std": 0.005380056153755998,
    "overall_baseline_sl_hit_rate_valid": 0.9666666666666667,
    "overall_baseline_worst_decile_mean": -0.0021995200959808838,
    "overall_cvar_improve_ratio": 0.4719224833268583,
    "overall_delta_expectancy_exec_minus_baseline": 0.0014972034199266823,
    "overall_entries_valid": 37,
    "overall_entry_rate": 0.20555555555555555,
    "overall_exec_cvar_5": -0.0011615171101582583,
    "overall_exec_expectancy_net": 0.0001994614497957206,
    "overall_exec_max_drawdown": -0.00261341349785622,
    "overall_exec_median_entry_improvement_bps": 25.957216622587435,
    "overall_exec_median_fill_delay_min": 0.0,
    "overall_exec_pnl_net_sum": 0.035903060963229705,
    "overall_exec_pnl_std": 0.000698686005527288,
    "overall_exec_sl_hit_rate_valid": 0.10810810810810811,
    "overall_exec_taker_share": 0.0,
    "overall_exec_worst_decile_mean": -0.0005807585550791292,
    "overall_maxdd_improve_ratio": 0.9915902982918531,
    "overall_signals_total": 180,
    "rank_key": [
      1.0,
      0.0,
      0.0001994614497957206,
      0.4719224833268583,
      0.9915902982918531,
      -0.0002177844581546665
    ],
    "split_count": 15,
    "tail_gate_pass_cvar": 1,
    "tail_gate_pass_maxdd": 1,
    "viability_fail_reason": "AVAXUSDT:entry_rate|NEARUSDT:entry_rate|SOLUSDT:entry_rate",
    "viability_pass": 0
  },
  "best_rank_key": [
    1.0,
    0.0,
    0.0001994614497957206,
    0.4719224833268583,
    0.9915902982918531,
    -0.0002177844581546665
  ],
  "constraint_fail_hist": {
    "AVAXUSDT:entry_improvement|AVAXUSDT:entry_rate|AVAXUSDT:fill_delay|AVAXUSDT:taker_share|NEARUSDT:entry_improvement|NEARUSDT:entry_rate|NEARUSDT:fill_delay|NEARUSDT:taker_share|SOLUSDT:entry_improvement|SOLUSDT:entry_rate|SOLUSDT:fill_delay|SOLUSDT:taker_share": 26,
    "AVAXUSDT:entry_improvement|AVAXUSDT:entry_rate|AVAXUSDT:fill_delay|AVAXUSDT:taker_share|NEARUSDT:entry_improvement|NEARUSDT:entry_rate|NEARUSDT:fill_delay|NEARUSDT:taker_share|SOLUSDT:entry_rate": 1,
    "AVAXUSDT:entry_rate|AVAXUSDT:taker_share|NEARUSDT:entry_rate|NEARUSDT:taker_share|SOLUSDT:entry_rate": 7,
    "AVAXUSDT:entry_rate|AVAXUSDT:taker_share|NEARUSDT:entry_rate|NEARUSDT:taker_share|SOLUSDT:entry_rate|SOLUSDT:taker_share": 11,
    "AVAXUSDT:entry_rate|NEARUSDT:entry_improvement|NEARUSDT:entry_rate|NEARUSDT:fill_delay|NEARUSDT:taker_share|SOLUSDT:entry_improvement|SOLUSDT:entry_rate|SOLUSDT:fill_delay|SOLUSDT:taker_share": 25,
    "AVAXUSDT:entry_rate|NEARUSDT:entry_improvement|NEARUSDT:entry_rate|NEARUSDT:fill_delay|NEARUSDT:taker_share|SOLUSDT:entry_rate": 32,
    "AVAXUSDT:entry_rate|NEARUSDT:entry_rate|NEARUSDT:taker_share|SOLUSDT:entry_rate": 5,
    "AVAXUSDT:entry_rate|NEARUSDT:entry_rate|NEARUSDT:taker_share|SOLUSDT:entry_rate|SOLUSDT:taker_share": 1,
    "AVAXUSDT:entry_rate|NEARUSDT:entry_rate|SOLUSDT:entry_improvement|SOLUSDT:entry_rate|SOLUSDT:fill_delay|SOLUSDT:taker_share": 2,
    "AVAXUSDT:entry_rate|NEARUSDT:entry_rate|SOLUSDT:entry_rate": 146
  },
  "eval_perf": {
    "avg_eval_time_per_new": 0.08613827493455675,
    "cache_hit_count": 13,
    "cache_hit_rate": 0.05078125,
    "eval_time_sec": 20.93160080909729,
    "population_size": 256,
    "uncached_count": 243
  },
  "generated_utc": "2026-02-20T19:45:30.691395+00:00",
  "generation": 9,
  "no_improve_gens": 0,
  "no_viable_gens": 10,
  "population_size": 256,
  "viable_count": 0
}