{
  "best_genome": {
    "break_even_enabled": 0,
    "break_even_offset_bps": 2.652173925575699,
    "break_even_trigger_r": 0.8955120650454502,
    "cooldown_min": 4,
    "entry_mode": "hybrid",
    "fallback_delay_min": 5,
    "fallback_to_market": 1,
    "killzone_filter": 0,
    "limit_offset_bps": 3.6637616787850282,
    "max_fill_delay_min": 12,
    "max_taker_share": 0.0015898715614827696,
    "micro_vol_filter": 0,
    "min_entry_improvement_bps_gate": 1.5,
    "min_signal_quality_gate": 0.10083049658127924,
    "mss_displacement_gate": 1,
    "partial_take_enabled": 1,
    "partial_take_pct": 0.8617088527127603,
    "partial_take_r": 0.3610751490181505,
    "skip_if_vol_gate": 0,
    "sl_mult": 1.923432800438499,
    "spread_guard_bps": 38.43135166312604,
    "time_stop_min": 1337,
    "tp_mult": 2.5029847497138076,
    "trail_start_r": 1.4084245398634825,
    "trail_step_bps": 31.97750651230815,
    "trailing_enabled": 0,
    "use_signal_quality_gate": 1,
    "vol_threshold": 4.666567540356317
  },
  "best_hash": "c24e434a5650d20288acbc37",
  "best_metrics": {
    "constraint_fail_reason": "",
    "constraint_pass": 1,
    "data_quality_fail_reason": "",
    "data_quality_pass": 1,
    "eval_time_sec": 0.23781967163085938,
    "expected_split_count": 5,
    "fee_model_identical": 1,
    "hard_invalid": 1,
    "invalid_reason": "SOLUSDT:entry_rate|SOLUSDT:trades<50|overall:entry_rate|overall:trades<200",
    "lookahead_violations": 0,
    "median_split_expectancy_net": 0.0,
    "min_split_expectancy_net": -1.6736249057270067e-05,
    "nan_fail_reason": "",
    "nan_pass": 1,
    "overall_baseline_cvar_5": -0.0021995200959809085,
    "overall_baseline_expectancy_net": -0.0008378556817156361,
    "overall_baseline_max_drawdown": -0.4453465256691803,
    "overall_baseline_pnl_net_sum": -0.301628045417629,
    "overall_baseline_pnl_std": 0.00810629864908505,
    "overall_baseline_sl_hit_rate_valid": 0.9555555555555556,
    "overall_baseline_worst_decile_mean": -0.002199520095980892,
    "overall_cvar_improve_ratio": 0.9476460566094171,
    "overall_delta_expectancy_exec_minus_baseline": 0.0008325909378369456,
    "overall_entries_valid": 6,
    "overall_entry_rate": 0.016666666666666666,
    "overall_exec_cvar_5": -0.00011515355059143394,
    "overall_exec_expectancy_net": -5.264743878690497e-06,
    "overall_exec_max_drawdown": -0.002072763910645811,
    "overall_exec_median_entry_improvement_bps": 3.663761678785255,
    "overall_exec_median_fill_delay_min": 9.0,
    "overall_exec_p95_fill_delay_min": 17.25,
    "overall_exec_pnl_net_sum": -0.001895307796328579,
    "overall_exec_pnl_std": 5.085869571692403e-05,
    "overall_exec_sl_hit_rate_valid": 0.3333333333333333,
    "overall_exec_taker_share": 0.0,
    "overall_exec_worst_decile_mean": -5.757677529571697e-05,
    "overall_maxdd_improve_ratio": 0.9953457278968748,
    "overall_min_trades_required": 200,
    "overall_missing_slice_rate": 0.0,
    "overall_signals_total": 360,
    "participation_fail_reason": "SOLUSDT:entry_rate|SOLUSDT:trades<50|overall:entry_rate|overall:trades<200",
    "participation_pass": 0,
    "rank_key": [
      0.0,
      1.0,
      0.0,
      1.0,
      -5.264743878690497e-06,
      0.9476460566094171,
      0.9953457278968748,
      0.0,
      -6.832773659548598e-06
    ],
    "realism_fail_reason": "",
    "realism_pass": 1,
    "split_count": 5,
    "split_fail_reason": "",
    "split_pass": 1,
    "std_split_expectancy_net": 6.832773659548598e-06,
    "tail_gate_pass_cvar": 1,
    "tail_gate_pass_maxdd": 1,
    "valid_for_ranking": 0,
    "viability_fail_reason": "SOLUSDT:entry_rate|SOLUSDT:trades<50|overall:entry_rate|overall:trades<200",
    "viability_pass": 0
  },
  "best_rank_key": [
    0.0,
    1.0,
    0.0,
    1.0,
    -5.264743878690497e-06,
    0.9476460566094171,
    0.9953457278968748,
    0.0,
    -6.832773659548598e-06
  ],
  "constraint_fail_count": 0,
  "constraint_fail_hist": {
    "SOLUSDT:entry_rate": 17,
    "SOLUSDT:entry_rate|SOLUSDT:trades<50|overall:entry_rate|overall:trades<200": 36,
    "SOLUSDT:entry_rate|overall:entry_rate": 2,
    "SOLUSDT:entry_rate|overall:entry_rate|overall:trades<200": 5
  },
  "eval_perf": {
    "avg_eval_time_per_new": 0.1372088630994161,
    "cache_hit_count": 0,
    "cache_hit_rate": 0.0,
    "eval_time_sec": 8.232531785964966,
    "population_size": 60,
    "population_unique_hashes": 60,
    "uncached_count": 60
  },
  "generated_utc": "2026-02-22T18:51:56.217440+00:00",
  "generation": 0,
  "invalid_count": 60,
  "invalid_reason_histogram": {
    "SOLUSDT:entry_rate": 60,
    "SOLUSDT:median_fill_delay": 31,
    "SOLUSDT:nan_or_inf": 31,
    "SOLUSDT:p95_fill_delay": 31,
    "SOLUSDT:taker_share": 31,
    "SOLUSDT:trades<50": 36,
    "overall:entry_rate": 43,
    "overall:median_fill_delay": 31,
    "overall:nan_or_inf": 31,
    "overall:p95_fill_delay": 31,
    "overall:taker_share": 31,
    "overall:trades<200": 41
  },
  "nan_fail_count": 31,
  "no_improve_gens": 0,
  "no_viable_gens": 1,
  "participation_fail_count": 60,
  "population_size": 60,
  "pre_eval_dedupe": {
    "pre_eval_duplicates_removed": 0,
    "pre_eval_refill_cache_skip_count": 0,
    "pre_eval_refill_count": 0,
    "pre_eval_refill_duplicate_skip_count": 0,
    "pre_eval_target_size": 60,
    "pre_eval_unique_size": 60
  },
  "pre_eval_duplicates_removed_total": 0,
  "pre_eval_refill_cache_skip_total": 0,
  "pre_eval_refill_duplicate_skip_total": 0,
  "pre_eval_refill_total": 0,
  "realism_fail_count": 31,
  "sampler_reject_histogram": {},
  "sampler_repair_histogram": {
    "cap_cooldown_min_tight": 32,
    "cap_fallback_delay_min_tight": 39,
    "cap_limit_offset_bps_tight": 7,
    "cap_min_entry_improvement_gate_tight": 31,
    "cap_signal_quality_gate_tight": 3,
    "disable_killzone_filter_tight": 1,
    "disable_skip_if_vol_gate_under_micro_filter": 2,
    "enforce_fallback_for_nonmarket": 4,
    "ensure_fill_window_for_displacement_gate": 4,
    "raise_spread_guard_floor_tight": 8,
    "soften_quality_gate_under_stack": 1
  },
  "valid_count": 0
}