{
  "V1_1H_FULLSCAN_REFERENCE": {
    "annualized_return": 8862.05503338741,
    "average_hold_time_min": 110.54488435907487,
    "avg_trade_return": 0.00281701764001416,
    "cagr": 8862.05503338741,
    "cvar_5": -0.0021528117441582417,
    "entry_rate": 0.5067540723083035,
    "exit_reason_distribution": {
      "maxhold": 268,
      "rsi_exit": 1,
      "sl": 2236,
      "tp": 46
    },
    "expectancy_gross": NaN,
    "expectancy_net": 0.00281701764001416,
    "expectancy_net_per_signal": 0.0,
    "exposure_time_pct": 0.10217613426378834,
    "losses": 2240,
    "max_drawdown_abs": -4.4217601804639094e+24,
    "max_drawdown_pct": -0.6631572152886549,
    "median_fill_delay_min": NaN,
    "median_hold_time_min": 60.0,
    "median_trade_return": -0.001899100000000115,
    "native_final_equity": 6793048.248078086,
    "native_max_dd_pct_positive": 0.1566075514905423,
    "native_net_profit": 6783048.248078086,
    "native_profit_factor": 1.797118446875397,
    "native_trades": 2551.0,
    "native_win_rate_pct": 12.191297530380243,
    "p95_fill_delay_min": NaN,
    "p95_hold_time_min": 360.0,
    "participation": 0.5067540723083035,
    "profit_factor": 2.676491441204545,
    "sharpe": 3.77736682734201,
    "signals_total": 5034,
    "sortino": 151.6859998223839,
    "taker_share": 1.0,
    "total_fees_paid": 2.0441541594919603e+25,
    "total_return": 5.168085661747961e+20,
    "total_slippage_paid": 5.840440455691312e+24,
    "trades_total": 2551,
    "turnover_notional": 2.9202202278456553e+28,
    "volatility_annualized": 0.36257033187729826,
    "win_rate": 0.12191297530380243,
    "wins": 311
  },
  "V2_1H_FROZEN_PHASEC_UNIVERSE_REFERENCE": {
    "annualized_return": -0.9999462333765198,
    "average_hold_time_min": 51.7,
    "avg_trade_return": -0.0006491411569577637,
    "cagr": -0.9999462333765198,
    "cvar_5": -0.0021995200959809068,
    "entry_rate": 1.0,
    "exit_reason_distribution": {
      "sl": 572,
      "tp": 2,
      "window_end": 26
    },
    "expectancy_gross": 0.0005509992146537294,
    "expectancy_net": -0.0006491411569577637,
    "expectancy_net_per_signal": -0.0006491411569577637,
    "exposure_time_pct": 0.10093713393205779,
    "losses": 572,
    "max_drawdown_abs": -3.878150637642896,
    "max_drawdown_pct": -0.9991752110690576,
    "median_fill_delay_min": 0.0,
    "median_hold_time_min": 0.0,
    "median_trade_return": -0.0021995200959807663,
    "p95_fill_delay_min": 0.0,
    "p95_hold_time_min": 660.0,
    "participation": 1.0,
    "profit_factor": 0.690424607280287,
    "sharpe": -2.4068476930211027,
    "signals_total": 600,
    "sortino": NaN,
    "taker_share": 1.0,
    "total_fees_paid": 3.4282565769920117,
    "total_return": -0.9967987038879471,
    "total_slippage_paid": 1.7141282884960058,
    "trades_total": 600,
    "turnover_notional": 8570.641442480037,
    "volatility_annualized": 0.2769514728457823,
    "win_rate": 0.04666666666666667,
    "wins": 28
  },
  "V3_EXEC_3M_PHASEC_CONTROL_FROZEN": {
    "annualized_return": -0.9999358008458191,
    "average_hold_time_min": 57.685,
    "avg_trade_return": -0.0006429344379359453,
    "cagr": -0.9999358008458191,
    "cvar_5": -0.002199520095980929,
    "entry_rate": 1.0,
    "exit_reason_distribution": {
      "sl": 570,
      "timeout": 28,
      "tp": 2
    },
    "expectancy_gross": 0.0005572084168597965,
    "expectancy_net": -0.0006429344379359453,
    "expectancy_net_per_signal": -0.0006429344379359453,
    "exposure_time_pct": 0.11261982390035337,
    "losses": 570,
    "max_drawdown_abs": -3.4962537428831597,
    "max_drawdown_pct": -0.9989855391907831,
    "median_fill_delay_min": 0.0,
    "median_hold_time_min": 1.5,
    "median_trade_return": -0.0021995200959807663,
    "p95_fill_delay_min": 0.0,
    "p95_hold_time_min": 660.7499999999993,
    "participation": 1.0,
    "profit_factor": 0.6923087478032874,
    "sharpe": -2.442703536549416,
    "signals_total": 600,
    "sortino": NaN,
    "taker_share": 1.0,
    "total_fees_paid": 3.1487180849534675,
    "total_return": -0.9964495858427482,
    "total_slippage_paid": 1.5743590424767337,
    "trades_total": 600,
    "turnover_notional": 7871.795212383673,
    "volatility_annualized": 0.27027171115292853,
    "win_rate": 0.05,
    "wins": 30
  },
  "V4_EXEC_3M_PHASEC_BEST_FROZEN": {
    "annualized_return": -0.9998023929351143,
    "average_hold_time_min": 47.545,
    "avg_trade_return": -0.0005588693803532237,
    "cagr": -0.9998023929351143,
    "cvar_5": -0.0019496200759849698,
    "entry_rate": 1.0,
    "exit_reason_distribution": {
      "sl": 573,
      "timeout": 25,
      "tp": 2
    },
    "expectancy_gross": 0.0006413071071921066,
    "expectancy_net": -0.0005588693803532237,
    "expectancy_net_per_signal": -0.0005588693803532237,
    "exposure_time_pct": 0.09282506833268254,
    "losses": 573,
    "max_drawdown_abs": -3.629521855844969,
    "max_drawdown_pct": -0.9981165324430944,
    "median_fill_delay_min": 0.0,
    "median_hold_time_min": 0.0,
    "median_trade_return": -0.0019496200759847363,
    "p95_fill_delay_min": 0.0,
    "p95_hold_time_min": 468.8999999999992,
    "participation": 1.0,
    "profit_factor": 0.6998371391198923,
    "sharpe": -2.218748514845128,
    "signals_total": 600,
    "sortino": NaN,
    "taker_share": 1.0,
    "total_fees_paid": 2.8211712681014007,
    "total_return": -0.9931510134935535,
    "total_slippage_paid": 1.4105856340507004,
    "trades_total": 600,
    "turnover_notional": 7052.928170253496,
    "volatility_annualized": 0.2586517247738817,
    "win_rate": 0.045,
    "wins": 27
  }
}