{
  "best_genome": {
    "break_even_enabled": 1,
    "break_even_offset_bps": 8.128609637131522,
    "break_even_trigger_r": 0.9467572425417441,
    "cooldown_min": 190,
    "entry_mode": "hybrid",
    "fallback_delay_min": 30,
    "fallback_to_market": 1,
    "killzone_filter": 0,
    "limit_offset_bps": 25.073558179635484,
    "max_fill_delay_min": 31,
    "max_taker_share": 0.06099610989460971,
    "micro_vol_filter": 0,
    "min_entry_improvement_bps_gate": 4.376822736246389,
    "min_signal_quality_gate": 0.8665578958424924,
    "mss_displacement_gate": 0,
    "partial_take_enabled": 1,
    "partial_take_pct": 0.8131407406483496,
    "partial_take_r": 1.4400475301317872,
    "skip_if_vol_gate": 1,
    "sl_mult": 1.483050019894005,
    "spread_guard_bps": 34.41762261690086,
    "time_stop_min": 3805,
    "tp_mult": 2.5102746404328578,
    "trail_start_r": 1.1846927382052588,
    "trail_step_bps": 42.86328364539745,
    "trailing_enabled": 0,
    "use_signal_quality_gate": 0,
    "vol_threshold": 3.560343851707314
  },
  "best_hash": "0005c8b5324d663106ea7c5e",
  "best_metrics": {
    "constraint_fail_reason": "",
    "constraint_pass": 1,
    "data_quality_fail_reason": "",
    "data_quality_pass": 1,
    "eval_time_sec": 0.09158825874328613,
    "expected_split_count": 5,
    "fee_model_identical": 1,
    "hard_invalid": 1,
    "invalid_reason": "SOLUSDT:entry_rate|SOLUSDT:trades<50|overall:entry_rate|overall:trades<200",
    "lookahead_violations": 0,
    "median_split_expectancy_net": 6.88405428608393e-05,
    "min_split_expectancy_net": 0.0,
    "nan_fail_reason": "",
    "nan_pass": 1,
    "overall_baseline_cvar_5": -0.0021995200959808773,
    "overall_baseline_expectancy_net": -0.00199005811915164,
    "overall_baseline_max_drawdown": -0.11720396705311753,
    "overall_baseline_pnl_net_sum": -0.11940348714909838,
    "overall_baseline_pnl_std": 0.001608907972661169,
    "overall_baseline_sl_hit_rate_valid": 0.9833333333333333,
    "overall_baseline_worst_decile_mean": -0.0021995200959808773,
    "overall_cvar_improve_ratio": 1.0,
    "overall_delta_expectancy_exec_minus_baseline": 0.002053811218518561,
    "overall_entries_valid": 4,
    "overall_entry_rate": 0.06666666666666667,
    "overall_exec_cvar_5": 0.0,
    "overall_exec_expectancy_net": 6.375309936692113e-05,
    "overall_exec_max_drawdown": 0.0,
    "overall_exec_median_entry_improvement_bps": 25.07355817963556,
    "overall_exec_median_fill_delay_min": 4.5,
    "overall_exec_p95_fill_delay_min": 24.299999999999994,
    "overall_exec_pnl_net_sum": 0.003825185962015268,
    "overall_exec_pnl_std": 0.00024048402223497483,
    "overall_exec_sl_hit_rate_valid": 0.0,
    "overall_exec_taker_share": 0.0,
    "overall_exec_worst_decile_mean": 0.0,
    "overall_maxdd_improve_ratio": 1.0,
    "overall_min_trades_required": 200,
    "overall_missing_slice_rate": 0.0,
    "overall_signals_total": 60,
    "participation_fail_reason": "SOLUSDT:entry_rate|SOLUSDT:trades<50|overall:entry_rate|overall:trades<200",
    "participation_pass": 0,
    "rank_key": [
      0.0,
      1.0,
      0.0,
      1.0,
      6.375309936692113e-05,
      1.0,
      1.0,
      6.88405428608393e-05,
      -6.143786724400609e-05
    ],
    "realism_fail_reason": "",
    "realism_pass": 1,
    "split_count": 5,
    "split_fail_reason": "",
    "split_pass": 1,
    "std_split_expectancy_net": 6.143786724400609e-05,
    "tail_gate_pass_cvar": 1,
    "tail_gate_pass_maxdd": 1,
    "valid_for_ranking": 0,
    "viability_fail_reason": "SOLUSDT:entry_rate|SOLUSDT:trades<50|overall:entry_rate|overall:trades<200",
    "viability_pass": 0
  },
  "best_rank_key": [
    0.0,
    1.0,
    0.0,
    1.0,
    6.375309936692113e-05,
    1.0,
    1.0,
    6.88405428608393e-05,
    -6.143786724400609e-05
  ],
  "constraint_fail_count": 0,
  "constraint_fail_hist": {
    "SOLUSDT:entry_rate|SOLUSDT:trades<50|overall:entry_rate|overall:trades<200": 64
  },
  "eval_perf": {
    "avg_eval_time_per_new": 0.09335457881291707,
    "cache_hit_count": 4,
    "cache_hit_rate": 0.0625,
    "eval_time_sec": 5.601274728775024,
    "population_size": 64,
    "uncached_count": 60
  },
  "generated_utc": "2026-02-21T21:29:54.333564+00:00",
  "generation": 3,
  "invalid_count": 64,
  "invalid_reason_histogram": {
    "SOLUSDT:entry_improvement": 127,
    "SOLUSDT:entry_rate": 256,
    "SOLUSDT:median_fill_delay": 127,
    "SOLUSDT:nan_or_inf": 127,
    "SOLUSDT:p95_fill_delay": 127,
    "SOLUSDT:taker_share": 128,
    "SOLUSDT:trades<50": 256,
    "overall:entry_rate": 255,
    "overall:median_fill_delay": 127,
    "overall:nan_or_inf": 127,
    "overall:p95_fill_delay": 127,
    "overall:taker_share": 128,
    "overall:trades<200": 256
  },
  "nan_fail_count": 18,
  "no_improve_gens": 0,
  "no_viable_gens": 4,
  "participation_fail_count": 64,
  "population_size": 64,
  "realism_fail_count": 18,
  "valid_count": 0
}