{
  "candidate_id": "R_AXSUSDT_G02_I0013",
  "param_hash": "0fbc12509bb8d92502583233fc4cc82f4089feb8d1c92520d2a487d824940a0e",
  "params": {
    "adx_min": 18.0,
    "allow_hours": [
      1,
      6,
      8,
      9,
      12,
      15,
      17,
      20,
      21
    ],
    "atr_k": 0.37053760375476086,
    "breakout_atr_mult": 1.5,
    "breakout_window": 20,
    "cycle1_adx_boost": 8.74007211751187,
    "cycle1_ema_sep_atr": 0.41760969968517125,
    "cycle_fill": 2,
    "cycle_shift": 1,
    "ema_align": true,
    "ema_span": 35,
    "ema_trend_long": 120,
    "entry_rsi_buffer": 3.8354184653046524,
    "entry_rsi_max": 91.15202822522943,
    "entry_rsi_min": 53.907190376016636,
    "exit_rsi_by_cycle": [
      47.34370954202518,
      48.68622232193835,
      47.172958875426914,
      51.80171501176075,
      34.84762267309253
    ],
    "max_allocation": 0.8638460098560895,
    "max_hold_hours": 11,
    "profit_target_mult": 1.06,
    "require_ema200_slope": true,
    "require_plus_di": true,
    "require_trade_cycles": true,
    "risk_per_trade": 0.013478409982618093,
    "sl_mult_by_cycle": [
      0.9507281635352007,
      0.999,
      0.9546119639243039,
      0.999,
      0.9404673598980371
    ],
    "stop_loss_mult": 0.98,
    "tp_mult_by_cycle": [
      1.0305032632430131,
      1.144948906715036,
      1.0568353699653827,
      1.0609501506348842,
      1.0402230890643807
    ],
    "trade_cycles": [
      1,
      2,
      3
    ],
    "two_candle_confirm": false,
    "use_sig_baseline": true,
    "use_sig_breakout": false,
    "use_sig_pullback": false,
    "use_vol_filter": false,
    "vol_tail_percentile": 0.55,
    "willr_by_cycle": [
      -56.45979618906263,
      -35.04699813736512,
      -88.20490982945884,
      -7.870074064335423,
      -36.675044535184924
    ],
    "willr_floor": -100.0,
    "willr_max": -30.0
  },
  "params_source": "data/metadata/params/AXSUSDT__UNIVERSE_LONG_C3_active_params.json",
  "repaired_metrics": {
    "cvar_5": -0.0021995200959809,
    "expectancy_net": 0.0051375699147899,
    "max_dd_pct": 9.591549760093908,
    "pass": 1,
    "profit_factor": 3.613380411042945,
    "rank": 5,
    "score": 38.74123296024317,
    "trades": 819,
    "valid_for_ranking": 1
  },
  "selection_rule": {
    "primary": "repaired_score desc",
    "secondary": "repaired_expectancy_net desc",
    "tertiary": "repaired_max_dd_pct asc",
    "tie_break_1": "candidate_id asc",
    "tie_break_2": "param_hash asc"
  },
  "side": "long",
  "symbol": "AXSUSDT"
}