{
  "candidate_id": "R_BCHUSDT_G02_I0010",
  "param_hash": "d1b6dfbe9d90603712bbb9c5ea5b8f37b4265c774b2eaef76d4fc092e27f031a",
  "params": {
    "adx_min": 18.0,
    "allow_hours": [
      1,
      6,
      8,
      9,
      12,
      15,
      17,
      20,
      21
    ],
    "atr_k": 0.5904565411635188,
    "breakout_atr_mult": 1.5,
    "breakout_window": 20,
    "cycle1_adx_boost": 0.0,
    "cycle1_ema_sep_atr": 0.3794106040783826,
    "cycle_fill": 2,
    "cycle_shift": 1,
    "ema_align": true,
    "ema_span": 35,
    "ema_trend_long": 120,
    "entry_rsi_buffer": 3.3062192955686545,
    "entry_rsi_max": 89.50562227582711,
    "entry_rsi_min": 48.641722562707805,
    "exit_rsi_by_cycle": [
      47.0713082421392,
      51.05982890754755,
      45.22808788379849,
      49.886627143811594,
      28.861025558834175
    ],
    "max_allocation": 0.8776702702938718,
    "max_hold_hours": 6,
    "profit_target_mult": 1.06,
    "require_ema200_slope": true,
    "require_plus_di": true,
    "require_trade_cycles": true,
    "risk_per_trade": 0.010921842487390582,
    "sl_mult_by_cycle": [
      0.9403001890306303,
      0.999,
      0.9778241004718854,
      0.9894674911666933,
      0.9419439634888906
    ],
    "stop_loss_mult": 0.98,
    "tp_mult_by_cycle": [
      1.0395002075686774,
      1.1479731496080627,
      1.06744923065335,
      1.080212952694205,
      1.030945214215777
    ],
    "trade_cycles": [
      1,
      2
    ],
    "two_candle_confirm": false,
    "use_sig_baseline": true,
    "use_sig_breakout": false,
    "use_sig_pullback": false,
    "use_vol_filter": false,
    "vol_tail_percentile": 0.55,
    "willr_by_cycle": [
      -60.30075768736108,
      -31.87508528216488,
      -96.43719357690668,
      -22.963744931059765,
      -51.16915776236439
    ],
    "willr_floor": -100.0,
    "willr_max": -30.0
  },
  "params_source": "data/metadata/params/BCHUSDT__UNIVERSE_LONG_C3_active_params.json",
  "repaired_metrics": {
    "cvar_5": -0.0021995200959808,
    "expectancy_net": 0.0018477287353427,
    "max_dd_pct": 12.17458801749417,
    "pass": 1,
    "profit_factor": 1.9734884041223075,
    "rank": 9,
    "score": 11.38104219527851,
    "trades": 1966,
    "valid_for_ranking": 1
  },
  "selection_rule": {
    "primary": "repaired_score desc",
    "secondary": "repaired_expectancy_net desc",
    "tertiary": "repaired_max_dd_pct asc",
    "tie_break_1": "candidate_id asc",
    "tie_break_2": "param_hash asc"
  },
  "side": "long",
  "symbol": "BCHUSDT"
}