{
  "candidate_id": "R_CRVUSDT_G02_I0010",
  "param_hash": "fba0c48055f687e127d87b9ed24a4edb315863aa66edb48df91f47c08fc26ade",
  "params": {
    "adx_min": 18.0,
    "allow_hours": [
      1,
      6,
      8,
      9,
      12,
      15,
      17,
      20,
      21
    ],
    "atr_k": 0.35544296218041393,
    "breakout_atr_mult": 1.5,
    "breakout_window": 20,
    "cycle1_adx_boost": 4.349932868441379,
    "cycle1_ema_sep_atr": 0.31997269008782014,
    "cycle_fill": 2,
    "cycle_shift": 1,
    "ema_align": true,
    "ema_span": 35,
    "ema_trend_long": 120,
    "entry_rsi_buffer": 4.194766961512341,
    "entry_rsi_max": 93.83127173094523,
    "entry_rsi_min": 43.45666117379059,
    "exit_rsi_by_cycle": [
      50.85549557853702,
      47.34464469242788,
      48.93050684313117,
      52.03193805398198,
      29.568780960483828
    ],
    "max_allocation": 0.95,
    "max_hold_hours": 10,
    "profit_target_mult": 1.06,
    "require_ema200_slope": true,
    "require_plus_di": true,
    "require_trade_cycles": true,
    "risk_per_trade": 0.013486524130774932,
    "sl_mult_by_cycle": [
      0.9519556638148458,
      0.9989999999999999,
      0.9916797976256712,
      0.9700193327632528,
      0.9452249919839633
    ],
    "stop_loss_mult": 0.98,
    "tp_mult_by_cycle": [
      1.0500551738132324,
      1.1228875437077965,
      1.0504413577912364,
      1.098012584747745,
      1.0139501173591579
    ],
    "trade_cycles": [
      1
    ],
    "two_candle_confirm": false,
    "use_sig_baseline": true,
    "use_sig_breakout": false,
    "use_sig_pullback": false,
    "use_vol_filter": false,
    "vol_tail_percentile": 0.55,
    "willr_by_cycle": [
      -73.62484205279543,
      -33.22103929913478,
      -98.20708892294924,
      -15.809988477814139,
      -28.955608287793385
    ],
    "willr_floor": -100.0,
    "willr_max": -30.0
  },
  "params_source": "data/metadata/params/CRVUSDT__UNIVERSE_LONG_C1_active_params.json",
  "repaired_metrics": {
    "cvar_5": -0.002199520095981,
    "expectancy_net": 0.0034936464716534,
    "max_dd_pct": 19.562855789063903,
    "pass": 1,
    "profit_factor": 2.747179983969058,
    "rank": 7,
    "score": 20.62460506390845,
    "trades": 1540,
    "valid_for_ranking": 1
  },
  "selection_rule": {
    "primary": "repaired_score desc",
    "secondary": "repaired_expectancy_net desc",
    "tertiary": "repaired_max_dd_pct asc",
    "tie_break_1": "candidate_id asc",
    "tie_break_2": "param_hash asc"
  },
  "side": "long",
  "symbol": "CRVUSDT"
}