{
  "candidate_id": "R_LTCUSDT_G00_I0000",
  "param_hash": "1db150fc3a6a19642718052e92596e1281cf0996c882cfc20df53f3cce529234",
  "params": {
    "adx_min": 18.0,
    "allow_hours": [
      1,
      6,
      8,
      9,
      12,
      15,
      17,
      20,
      21
    ],
    "atr_k": 0.3017416687429151,
    "breakout_atr_mult": 1.5,
    "breakout_window": 20,
    "cycle1_adx_boost": 8.338400482301966,
    "cycle1_ema_sep_atr": 0.4142239682516651,
    "cycle_fill": 2,
    "cycle_shift": 1,
    "ema_align": true,
    "ema_span": 35,
    "ema_trend_long": 120,
    "entry_rsi_buffer": 1.1927103161257158,
    "entry_rsi_max": 91.08705558988376,
    "entry_rsi_min": 49.5208179905982,
    "exit_rsi_by_cycle": [
      48.54749634916192,
      46.782081570332466,
      45.94986348787394,
      49.73535260964356,
      31.563418761872065
    ],
    "max_allocation": 0.9480540198136911,
    "max_hold_hours": 6,
    "profit_target_mult": 1.06,
    "require_ema200_slope": true,
    "require_plus_di": true,
    "require_trade_cycles": true,
    "risk_per_trade": 0.013656399653972452,
    "sl_mult_by_cycle": [
      0.9638500148438638,
      0.9990000000000001,
      0.969205478680661,
      0.9990000000000001,
      0.956270710404582
    ],
    "stop_loss_mult": 0.98,
    "tp_mult_by_cycle": [
      1.0276413553120662,
      1.1409065064901012,
      1.0694403312170917,
      1.088516215406627,
      1.0372275488353664
    ],
    "trade_cycles": [
      1,
      2,
      3
    ],
    "two_candle_confirm": false,
    "use_sig_baseline": true,
    "use_sig_breakout": false,
    "use_sig_pullback": false,
    "use_vol_filter": false,
    "vol_tail_percentile": 0.55,
    "willr_by_cycle": [
      -71.78648366026964,
      -47.97541602963524,
      -93.3349093770833,
      -2.6200844371750414,
      -37.625948125996686
    ],
    "willr_floor": -100.0,
    "willr_max": -30.0
  },
  "params_source": "data/metadata/params/LTCUSDT__UNIVERSE_LONG_C3_active_params.json",
  "repaired_metrics": {
    "cvar_5": -0.0021995200959808,
    "expectancy_net": 0.0012732513532353,
    "max_dd_pct": 14.961140934824346,
    "pass": 1,
    "profit_factor": 1.658770310954662,
    "rank": 15,
    "score": 1.5683795986957476,
    "trades": 940,
    "valid_for_ranking": 1
  },
  "selection_rule": {
    "primary": "repaired_score desc",
    "secondary": "repaired_expectancy_net desc",
    "tertiary": "repaired_max_dd_pct asc",
    "tie_break_1": "candidate_id asc",
    "tie_break_2": "param_hash asc"
  },
  "side": "long",
  "symbol": "LTCUSDT"
}