{
  "candidate_id": "R_SOLUSDT_G02_I0013",
  "param_hash": "253e3524b3243cd72e346e807927341d92681ade5aad83d324402e8d4548b298",
  "params": {
    "adx_min": 18.0,
    "allow_hours": null,
    "atr_k": 0.42845064075234307,
    "breakout_atr_mult": 1.5,
    "breakout_window": 20,
    "cycle1_adx_boost": 1.9931580979101904,
    "cycle1_ema_sep_atr": 0.2753217780534032,
    "cycle_fill": 2,
    "cycle_shift": 1,
    "ema_align": true,
    "ema_span": 35,
    "ema_trend_long": 120,
    "entry_rsi_buffer": 0.1639149030694304,
    "entry_rsi_max": 95.0,
    "entry_rsi_min": 35.79436058756714,
    "exit_rsi_by_cycle": [
      35.91523642470629,
      40.0182278701917,
      42.488374318533786,
      70.57276651660243,
      54.86178143180133
    ],
    "exit_rsi_cycle0": 52.78853596915768,
    "exit_rsi_cycle1": 55.62526888056667,
    "exit_rsi_cycle2": 49.12543977553679,
    "exit_rsi_cycle3": 65.58026845372056,
    "exit_rsi_cycle4": 54.72942428328025,
    "hours": [
      0,
      2,
      7,
      8,
      10,
      14,
      17,
      20,
      22,
      23
    ],
    "max_allocation": 0.9499496435433499,
    "max_hold_hours": 7,
    "profit_target_mult": 1.0694408063740057,
    "require_ema200_slope": true,
    "require_plus_di": true,
    "require_trade_cycles": true,
    "risk_per_trade": 0.02613208964359495,
    "sl_mult_by_cycle": [
      0.9671172591809993,
      0.9989999999999999,
      0.960226527449092,
      0.9274369172280357,
      0.9224723138507811
    ],
    "sl_mult_cycle0": 0.9952314559176925,
    "sl_mult_cycle1": 0.9296180240077179,
    "sl_mult_cycle2": 0.9279761173736125,
    "sl_mult_cycle3": 0.9744784430728097,
    "sl_mult_cycle4": 0.9497192231412372,
    "stop_loss_mult": 0.9539023289083169,
    "tp_mult_by_cycle": [
      1.0286315934699326,
      1.0917158242283587,
      1.1119079077172729,
      1.0330864790320762,
      1.005
    ],
    "tp_mult_cycle0": 1.0197357865438568,
    "tp_mult_cycle1": 1.089357112210182,
    "tp_mult_cycle2": 1.1184419920732445,
    "tp_mult_cycle3": 1.0502313534303809,
    "tp_mult_cycle4": 1.01,
    "trade_cycles": [
      1,
      3
    ],
    "two_candle_confirm": false,
    "willr_by_cycle": [
      -41.83534137704415,
      -1.3588165024425014,
      -87.72851691407004,
      -21.249658949587527,
      -46.02211795546758
    ],
    "willr_cycle0": -83.7012802820329,
    "willr_cycle1": -86.49900708192453,
    "willr_cycle2": -66.91762780202876,
    "willr_cycle3": -45.687616026838775,
    "willr_cycle4": -32.24838849397867,
    "willr_floor": -100.0
  },
  "params_source": "data/metadata/params/SOLUSDT_C13_active_params_long.json",
  "repaired_metrics": {
    "cvar_5": -0.002199520095981,
    "expectancy_net": 0.0030822490572387,
    "max_dd_pct": 21.694479534481413,
    "pass": 1,
    "profit_factor": 2.6029362694968783,
    "rank": 1,
    "score": 142.2493064343658,
    "trades": 4773,
    "valid_for_ranking": 1
  },
  "selection_rule": {
    "primary": "repaired_score desc",
    "secondary": "repaired_expectancy_net desc",
    "tertiary": "repaired_max_dd_pct asc",
    "tie_break_1": "candidate_id asc",
    "tie_break_2": "param_hash asc"
  },
  "side": "long",
  "symbol": "SOLUSDT"
}