{
  "best_genome": {
    "break_even_enabled": 0,
    "break_even_offset_bps": 1.2658295984798162,
    "break_even_trigger_r": 0.9642022208520941,
    "cooldown_min": 28,
    "entry_mode": "limit",
    "fallback_delay_min": 122,
    "fallback_to_market": 0,
    "killzone_filter": 1,
    "limit_offset_bps": 3.586642237651585,
    "max_fill_delay_min": 137,
    "max_taker_share": 0.2150878537046748,
    "micro_vol_filter": 1,
    "min_entry_improvement_bps_gate": 16.652567266541357,
    "min_signal_quality_gate": 0.48860570802894787,
    "mss_displacement_gate": 0,
    "partial_take_enabled": 0,
    "partial_take_pct": 0.710008640060121,
    "partial_take_r": 1.065443586127113,
    "skip_if_vol_gate": 0,
    "sl_mult": 0.913497817553957,
    "spread_guard_bps": 17.3906100267642,
    "time_stop_min": 2476,
    "tp_mult": 1.2406161581628612,
    "trail_start_r": 1.9614423966541068,
    "trail_step_bps": 28.114589373131807,
    "trailing_enabled": 1,
    "use_signal_quality_gate": 0,
    "vol_threshold": 1.3346565207876293
  },
  "best_hash": "f0c7df09af14536a559ed913",
  "best_metrics": {
    "constraint_fail_reason": "",
    "constraint_pass": 1,
    "data_quality_fail_reason": "",
    "data_quality_pass": 1,
    "eval_time_sec": 1.5793535709381104,
    "expected_split_count": 5,
    "fee_model_identical": 1,
    "hard_invalid": 0,
    "invalid_reason": "",
    "lookahead_violations": 0,
    "median_split_expectancy_net": -0.0007212584032364612,
    "min_split_expectancy_net": -0.0009618037851841269,
    "nan_fail_reason": "",
    "nan_pass": 1,
    "overall_baseline_cvar_5": -0.0021995200959809068,
    "overall_baseline_expectancy_net": -0.0006429344379359447,
    "overall_baseline_max_drawdown": -0.5900520704438924,
    "overall_baseline_pnl_net_sum": -0.38576066276156684,
    "overall_baseline_pnl_std": 0.008434284755690942,
    "overall_baseline_sl_hit_rate_valid": 0.95,
    "overall_baseline_worst_decile_mean": -0.002199520095980892,
    "overall_cvar_improve_ratio": 0.12412944846863587,
    "overall_delta_expectancy_exec_minus_baseline": -9.50610010835636e-05,
    "overall_entries_valid": 549,
    "overall_entry_rate": 0.915,
    "overall_exec_cvar_5": -0.0019264948795711158,
    "overall_exec_expectancy_net": -0.0007379954390195083,
    "overall_exec_max_drawdown": -0.4438743889316692,
    "overall_exec_median_entry_improvement_bps": 3.586642237651755,
    "overall_exec_median_fill_delay_min": 0.0,
    "overall_exec_p95_fill_delay_min": 69.0,
    "overall_exec_pnl_net_sum": -0.442797263411705,
    "overall_exec_pnl_std": 0.0021876238791180866,
    "overall_exec_sl_hit_rate_valid": 0.8233151183970856,
    "overall_exec_taker_share": 0.04189435336976321,
    "overall_exec_worst_decile_mean": -0.001844875917357041,
    "overall_maxdd_improve_ratio": 0.2477369182049555,
    "overall_min_trades_required": 200,
    "overall_missing_slice_rate": 0.0,
    "overall_signals_total": 600,
    "participation_fail_reason": "",
    "participation_pass": 1,
    "rank_key": [
      1.0,
      1.0,
      1.0,
      1.0,
      -0.0007379954390195083,
      0.12412944846863587,
      0.2477369182049555,
      -0.0007212584032364612,
      -0.00014996764763577903
    ],
    "realism_fail_reason": "",
    "realism_pass": 1,
    "split_count": 5,
    "split_fail_reason": "",
    "split_pass": 1,
    "std_split_expectancy_net": 0.00014996764763577903,
    "tail_gate_pass_cvar": 0,
    "tail_gate_pass_maxdd": 1,
    "valid_for_ranking": 1,
    "viability_fail_reason": "",
    "viability_pass": 1
  },
  "best_rank_key": [
    1.0,
    1.0,
    1.0,
    1.0,
    -0.0007379954390195083,
    0.12412944846863587,
    0.2477369182049555,
    -0.0007212584032364612,
    -0.00014996764763577903
  ],
  "constraint_fail_count": 0,
  "constraint_fail_hist": {
    "SOLUSDT:entry_rate|overall:entry_rate": 5,
    "SOLUSDT:entry_rate|overall:entry_rate|overall:trades<200": 8,
    "SOLUSDT:taker_share": 7,
    "overall:entry_rate": 3
  },
  "eval_perf": {
    "avg_eval_time_per_new": 1.369690863982491,
    "cache_hit_count": 1,
    "cache_hit_rate": 0.041666666666666664,
    "eval_time_sec": 31.50288987159729,
    "population_size": 24,
    "uncached_count": 23
  },
  "generated_utc": "2026-02-21T21:35:16.096559+00:00",
  "generation": 1,
  "invalid_count": 23,
  "invalid_reason_histogram": {
    "SOLUSDT:entry_rate": 34,
    "SOLUSDT:taker_share": 26,
    "overall:entry_rate": 39,
    "overall:trades<200": 19
  },
  "nan_fail_count": 0,
  "no_improve_gens": 0,
  "no_viable_gens": 0,
  "participation_fail_count": 16,
  "population_size": 24,
  "realism_fail_count": 12,
  "valid_count": 1
}