{
  "best_genome": {
    "break_even_enabled": 0,
    "break_even_offset_bps": 8.802361210669195,
    "break_even_trigger_r": 0.5448814056356429,
    "cooldown_min": 13,
    "entry_mode": "hybrid",
    "fallback_delay_min": 1,
    "fallback_to_market": 1,
    "killzone_filter": 0,
    "limit_offset_bps": 0.3544243475908244,
    "max_fill_delay_min": 20,
    "max_taker_share": 0.22641794133004595,
    "micro_vol_filter": 0,
    "min_entry_improvement_bps_gate": 0.1,
    "min_signal_quality_gate": 0.024540713649570712,
    "mss_displacement_gate": 0,
    "partial_take_enabled": 1,
    "partial_take_pct": 0.25714912985126004,
    "partial_take_r": 0.9513885628385883,
    "skip_if_vol_gate": 0,
    "sl_mult": 0.36603932449863485,
    "spread_guard_bps": 94.01019372268352,
    "time_stop_min": 2424,
    "tp_mult": 2.165747413416847,
    "trail_start_r": 0.5678099677547235,
    "trail_step_bps": 12.231754446224183,
    "trailing_enabled": 0,
    "use_signal_quality_gate": 0,
    "vol_threshold": 5.416005304938349
  },
  "best_hash": "85961fb142b6474dd1184a6e",
  "best_metrics": {
    "constraint_fail_reason": "",
    "constraint_pass": 1,
    "data_quality_fail_reason": "",
    "data_quality_pass": 1,
    "eval_time_sec": 1.1318271160125732,
    "expected_split_count": 5,
    "fee_model_identical": 1,
    "hard_invalid": 0,
    "invalid_reason": "",
    "lookahead_violations": 0,
    "median_split_expectancy_net": -0.0006371471180543273,
    "min_split_expectancy_net": -0.0011700273607254347,
    "nan_fail_reason": "",
    "nan_pass": 1,
    "overall_baseline_cvar_5": -0.0021995200959809085,
    "overall_baseline_expectancy_net": -0.0008378556817156361,
    "overall_baseline_max_drawdown": -0.4453465256691803,
    "overall_baseline_pnl_net_sum": -0.301628045417629,
    "overall_baseline_pnl_std": 0.00810629864908505,
    "overall_baseline_sl_hit_rate_valid": 0.9555555555555556,
    "overall_baseline_worst_decile_mean": -0.002199520095980892,
    "overall_cvar_improve_ratio": 0.44718153651344544,
    "overall_delta_expectancy_exec_minus_baseline": 0.00016383967504415918,
    "overall_entries_valid": 352,
    "overall_entry_rate": 0.9777777777777777,
    "overall_exec_cvar_5": -0.0012159353198679648,
    "overall_exec_expectancy_net": -0.0006740160066714769,
    "overall_exec_max_drawdown": -0.24142982708186278,
    "overall_exec_median_entry_improvement_bps": 0.3544243475905718,
    "overall_exec_median_fill_delay_min": 0.0,
    "overall_exec_p95_fill_delay_min": 0.0,
    "overall_exec_pnl_net_sum": -0.24264576240173166,
    "overall_exec_pnl_std": 0.0035373247475787625,
    "overall_exec_sl_hit_rate_valid": 0.9772727272727273,
    "overall_exec_taker_share": 0.0,
    "overall_exec_worst_decile_mean": -0.0012159353198679436,
    "overall_maxdd_improve_ratio": 0.4578832141575846,
    "overall_min_trades_required": 200,
    "overall_missing_slice_rate": 0.0,
    "overall_signals_total": 360,
    "participation_fail_reason": "",
    "participation_pass": 1,
    "rank_key": [
      1.0,
      1.0,
      1.0,
      1.0,
      -0.0006740160066714769,
      0.44718153651344544,
      0.4578832141575846,
      -0.0006371471180543273,
      -0.0003417057363050156
    ],
    "realism_fail_reason": "",
    "realism_pass": 1,
    "split_count": 5,
    "split_fail_reason": "",
    "split_pass": 1,
    "std_split_expectancy_net": 0.0003417057363050156,
    "tail_gate_pass_cvar": 1,
    "tail_gate_pass_maxdd": 1,
    "valid_for_ranking": 1,
    "viability_fail_reason": "",
    "viability_pass": 1
  },
  "best_rank_key": [
    1.0,
    1.0,
    1.0,
    1.0,
    -0.0006740160066714769,
    0.44718153651344544,
    0.4578832141575846,
    -0.0006371471180543273,
    -0.0003417057363050156
  ],
  "constraint_fail_count": 0,
  "constraint_fail_hist": {
    "SOLUSDT:entry_rate": 119,
    "SOLUSDT:entry_rate|SOLUSDT:trades<50|overall:entry_rate|overall:trades<200": 43
  },
  "eval_perf": {
    "avg_eval_time_per_new": 0.21882045004102918,
    "cache_hit_count": 0,
    "cache_hit_rate": 0.0,
    "eval_time_sec": 39.387681007385254,
    "population_size": 180,
    "population_unique_hashes": 180,
    "uncached_count": 180
  },
  "generated_utc": "2026-02-22T19:12:25.474434+00:00",
  "generation": 0,
  "invalid_count": 162,
  "invalid_reason_histogram": {
    "SOLUSDT:entry_rate": 162,
    "SOLUSDT:median_fill_delay": 34,
    "SOLUSDT:nan_or_inf": 34,
    "SOLUSDT:p95_fill_delay": 34,
    "SOLUSDT:taker_share": 34,
    "SOLUSDT:trades<50": 43,
    "overall:entry_rate": 43,
    "overall:median_fill_delay": 34,
    "overall:nan_or_inf": 34,
    "overall:p95_fill_delay": 34,
    "overall:taker_share": 34,
    "overall:trades<200": 43
  },
  "nan_fail_count": 34,
  "no_improve_gens": 0,
  "no_viable_gens": 0,
  "participation_fail_count": 162,
  "population_size": 180,
  "pre_eval_dedupe": {
    "pre_eval_duplicates_removed": 0,
    "pre_eval_refill_cache_skip_count": 0,
    "pre_eval_refill_count": 0,
    "pre_eval_refill_duplicate_skip_count": 0,
    "pre_eval_target_size": 180,
    "pre_eval_unique_size": 180
  },
  "pre_eval_duplicates_removed_total": 0,
  "pre_eval_refill_cache_skip_total": 0,
  "pre_eval_refill_duplicate_skip_total": 0,
  "pre_eval_refill_total": 0,
  "realism_fail_count": 34,
  "sampler_reject_histogram": {
    "displacement_with_strict_entry_improvement_gate": 2,
    "displacement_with_strict_limit_and_short_cancel": 1,
    "high_participation_risk_bundle": 1,
    "mss_quality_microvol_stack": 3
  },
  "sampler_repair_histogram": {
    "align_entry_improve_with_limit_offset": 18,
    "cap_cooldown_min_tight": 16,
    "cap_entry_improvement_with_displacement": 9,
    "cap_fallback_delay_min_tight": 153,
    "cap_limit_offset_bps_tight": 6,
    "cap_limit_offset_with_displacement": 7,
    "cap_min_entry_improvement_gate_tight": 15,
    "disable_skip_if_vol_gate_under_micro_filter": 4,
    "enforce_fallback_for_nonmarket": 6,
    "ensure_fill_window_for_displacement_gate": 2,
    "raise_spread_guard_floor_tight": 6,
    "raise_spread_guard_with_displacement": 6,
    "raise_vol_threshold_under_micro_filter": 3,
    "tighten_fallback_delay_with_displacement": 14
  },
  "sampler_telemetry": {
    "proposal_exploration_count": 38,
    "proposal_feasible_prior_count": 146,
    "proposed_post_repair_total": 180,
    "proposed_pre_repair_total": 184,
    "reject_reason::displacement_with_strict_entry_improvement_gate": 2,
    "reject_reason::displacement_with_strict_limit_and_short_cancel": 1,
    "reject_reason::high_participation_risk_bundle": 1,
    "reject_reason::mss_quality_microvol_stack": 3,
    "rejected_invalid_construction_total": 4,
    "repaired_for_participation_risk_total": 152,
    "risk_bucket_changed_by_repair_total": 24,
    "risk_bucket_post::low": 166,
    "risk_bucket_post::medium": 14,
    "risk_bucket_pre::high": 4,
    "risk_bucket_pre::low": 143,
    "risk_bucket_pre::medium": 37
  },
  "valid_count": 18
}