{
  "best_hash": "6756175bfd01c7771056f983",
  "generation": 1,
  "population": [
    {
      "break_even_enabled": 0,
      "break_even_offset_bps": 0.45824383655662215,
      "break_even_trigger_r": 1.1307147952686543,
      "cooldown_min": 90,
      "entry_mode": "market",
      "fallback_delay_min": 1,
      "fallback_to_market": 1,
      "killzone_filter": 0,
      "limit_offset_bps": 2.7823753014044375,
      "max_fill_delay_min": 6,
      "max_taker_share": 0.21187359158686495,
      "micro_vol_filter": 1,
      "min_entry_improvement_bps_gate": 1.5760039615691634,
      "min_signal_quality_gate": 0.1626540971560848,
      "mss_displacement_gate": 1,
      "partial_take_enabled": 0,
      "partial_take_pct": 0.404100980031333,
      "partial_take_r": 1.3397804001063236,
      "skip_if_vol_gate": 1,
      "sl_mult": 1.3686876591405537,
      "spread_guard_bps": 29.189271467752715,
      "time_stop_min": 2962,
      "tp_mult": 1.2329457035177322,
      "trail_start_r": 1.659602511183038,
      "trail_step_bps": 49.27585451237713,
      "trailing_enabled": 0,
      "use_signal_quality_gate": 1,
      "vol_threshold": 3.4213848198231407
    },
    {
      "break_even_enabled": 0,
      "break_even_offset_bps": 2.1315431226704042,
      "break_even_trigger_r": 0.34157590137454125,
      "cooldown_min": 180,
      "entry_mode": "hybrid",
      "fallback_delay_min": 9,
      "fallback_to_market": 1,
      "killzone_filter": 1,
      "limit_offset_bps": 16.956807715322682,
      "max_fill_delay_min": 20,
      "max_taker_share": 0.05106479985588411,
      "micro_vol_filter": 1,
      "min_entry_improvement_bps_gate": 6.323543925437081,
      "min_signal_quality_gate": 0.833744954639807,
      "mss_displacement_gate": 1,
      "partial_take_enabled": 0,
      "partial_take_pct": 0.39562167099110723,
      "partial_take_r": 1.3551242909814514,
      "skip_if_vol_gate": 0,
      "sl_mult": 0.42332329463836743,
      "spread_guard_bps": 15.83143387165018,
      "time_stop_min": 3754,
      "tp_mult": 2.4732662556119283,
      "trail_start_r": 1.7327038910102126,
      "trail_step_bps": 40.447244237789505,
      "trailing_enabled": 0,
      "use_signal_quality_gate": 0,
      "vol_threshold": 2.602419631089124
    },
    {
      "break_even_enabled": 0,
      "break_even_offset_bps": 7.759999115462448,
      "break_even_trigger_r": 1.303564900237262,
      "cooldown_min": 101,
      "entry_mode": "hybrid",
      "fallback_delay_min": 41,
      "fallback_to_market": 0,
      "killzone_filter": 1,
      "limit_offset_bps": 8.009334661473401,
      "max_fill_delay_min": 43,
      "max_taker_share": 0.15228275141674705,
      "micro_vol_filter": 0,
      "min_entry_improvement_bps_gate": 5.39895653568556,
      "min_signal_quality_gate": 0.65543866529488,
      "mss_displacement_gate": 1,
      "partial_take_enabled": 1,
      "partial_take_pct": 0.26878627486906115,
      "partial_take_r": 0.6212890511708433,
      "skip_if_vol_gate": 1,
      "sl_mult": 1.4698753293366325,
      "spread_guard_bps": 19.821014370788085,
      "time_stop_min": 1799,
      "tp_mult": 2.8134779490530444,
      "trail_start_r": 1.303564900237262,
      "trail_step_bps": 18.101432913261238,
      "trailing_enabled": 1,
      "use_signal_quality_gate": 1,
      "vol_threshold": 1.716057857847538
    },
    {
      "break_even_enabled": 0,
      "break_even_offset_bps": 0.8011146524058688,
      "break_even_trigger_r": 1.007595815486847,
      "cooldown_min": 212,
      "entry_mode": "hybrid",
      "fallback_delay_min": 17,
      "fallback_to_market": 1,
      "killzone_filter": 0,
      "limit_offset_bps": 23.3432571425312,
      "max_fill_delay_min": 41,
      "max_taker_share": 0.03869920631851603,
      "micro_vol_filter": 1,
      "min_entry_improvement_bps_gate": 2.308573408382044,
      "min_signal_quality_gate": 0.6193815103321031,
      "mss_displacement_gate": 1,
      "partial_take_enabled": 0,
      "partial_take_pct": 0.8265272369748575,
      "partial_take_r": 0.601345502483873,
      "skip_if_vol_gate": 0,
      "sl_mult": 1.240480189504187,
      "spread_guard_bps": 4.14346007672846,
      "time_stop_min": 1289,
      "tp_mult": 0.7675899442735441,
      "trail_start_r": 1.5312456932019958,
      "trail_step_bps": 4.330082305412105,
      "trailing_enabled": 0,
      "use_signal_quality_gate": 0,
      "vol_threshold": 3.795268118308232
    },
    {
      "break_even_enabled": 1,
      "break_even_offset_bps": 7.176121871387979,
      "break_even_trigger_r": 1.450973629093063,
      "cooldown_min": 107,
      "entry_mode": "limit",
      "fallback_delay_min": 42,
      "fallback_to_market": 0,
      "killzone_filter": 0,
      "limit_offset_bps": 8.557476868407608,
      "max_fill_delay_min": 42,
      "max_taker_share": 0.1669658009281459,
      "micro_vol_filter": 1,
      "min_entry_improvement_bps_gate": 1.1433054581496616,
      "min_signal_quality_gate": 0.5087840027837193,
      "mss_displacement_gate": 1,
      "partial_take_enabled": 1,
      "partial_take_pct": 0.8532769017832715,
      "partial_take_r": 0.784530661581933,
      "skip_if_vol_gate": 0,
      "sl_mult": 1.154845650963173,
      "spread_guard_bps": 2.339331680291976,
      "time_stop_min": 2231,
      "tp_mult": 1.960443986147428,
      "trail_start_r": 0.7262713920526513,
      "trail_step_bps": 42.79272795420297,
      "trailing_enabled": 0,
      "use_signal_quality_gate": 0,
      "vol_threshold": 1.653102695242525
    },
    {
      "break_even_enabled": 1,
      "break_even_offset_bps": 1.5284131934826106,
      "break_even_trigger_r": 1.437298436964857,
      "cooldown_min": 220,
      "entry_mode": "limit",
      "fallback_delay_min": 0,
      "fallback_to_market": 0,
      "killzone_filter": 1,
      "limit_offset_bps": 4.2861477132618795,
      "max_fill_delay_min": 8,
      "max_taker_share": 0.03869920631851603,
      "micro_vol_filter": 1,
      "min_entry_improvement_bps_gate": 4.386415183145667,
      "min_signal_quality_gate": 0.6193815103321031,
      "mss_displacement_gate": 1,
      "partial_take_enabled": 0,
      "partial_take_pct": 0.8532769017832715,
      "partial_take_r": 0.784530661581933,
      "skip_if_vol_gate": 1,
      "sl_mult": 1.154845650963173,
      "spread_guard_bps": 17.137353091783186,
      "time_stop_min": 1289,
      "tp_mult": 2.9938440162377757,
      "trail_start_r": 0.6027819990556885,
      "trail_step_bps": 21.685838373184517,
      "trailing_enabled": 0,
      "use_signal_quality_gate": 1,
      "vol_threshold": 1.653102695242525
    },
    {
      "break_even_enabled": 0,
      "break_even_offset_bps": 0.8011146524058688,
      "break_even_trigger_r": 1.450973629093063,
      "cooldown_min": 107,
      "entry_mode": "limit",
      "fallback_delay_min": 42,
      "fallback_to_market": 0,
      "killzone_filter": 0,
      "limit_offset_bps": 8.557476868407608,
      "max_fill_delay_min": 45,
      "max_taker_share": 0.19062803990345545,
      "micro_vol_filter": 1,
      "min_entry_improvement_bps_gate": 1.1433054581496616,
      "min_signal_quality_gate": 0.9710783776136181,
      "mss_displacement_gate": 1,
      "partial_take_enabled": 0,
      "partial_take_pct": 0.5767107426889025,
      "partial_take_r": 0.7617207740094001,
      "skip_if_vol_gate": 0,
      "sl_mult": 1.1661946992499896,
      "spread_guard_bps": 2.339331680291976,
      "time_stop_min": 744,
      "tp_mult": 1.960443986147428,
      "trail_start_r": 1.6881190465444462,
      "trail_step_bps": 4.330082305412105,
      "trailing_enabled": 0,
      "use_signal_quality_gate": 0,
      "vol_threshold": 3.2410414349567738
    },
    {
      "break_even_enabled": 0,
      "break_even_offset_bps": 1.5284131934826106,
      "break_even_trigger_r": 1.3263786370833324,
      "cooldown_min": 200,
      "entry_mode": "limit",
      "fallback_delay_min": 12,
      "fallback_to_market": 1,
      "killzone_filter": 1,
      "limit_offset_bps": 4.2861477132618795,