{
  "best_hash": "7c2dd687b585669ec62ab0b9",
  "generated_utc": "2026-02-22T20:00:31.357803+00:00",
  "genome": {
    "break_even_enabled": 0,
    "break_even_offset_bps": 10.0,
    "break_even_trigger_r": 0.8152789115123785,
    "cooldown_min": 20,
    "entry_mode": "hybrid",
    "fallback_delay_min": 0,
    "fallback_to_market": 1,
    "killzone_filter": 0,
    "limit_offset_bps": 6.0,
    "max_fill_delay_min": 43,
    "max_taker_share": 0.12235289122697443,
    "micro_vol_filter": 1,
    "min_entry_improvement_bps_gate": 0.0,
    "min_signal_quality_gate": 0.14773208821042966,
    "mss_displacement_gate": 0,
    "partial_take_enabled": 0,
    "partial_take_pct": 0.4857623428743255,
    "partial_take_r": 0.3,
    "skip_if_vol_gate": 1,
    "sl_mult": 0.5995013444873915,
    "spread_guard_bps": 68.97479927002176,
    "time_stop_min": 3109,
    "tp_mult": 2.572949369302896,
    "trail_start_r": 1.4253446325137367,
    "trail_step_bps": 1.0,
    "trailing_enabled": 0,
    "use_signal_quality_gate": 1,
    "vol_threshold": 3.7976335246961086
  },
  "metrics": {
    "constraint_fail_reason": "",
    "constraint_pass": 1,
    "data_quality_fail_reason": "",
    "data_quality_pass": 1,
    "eval_time_sec": 2.1349449157714844,
    "expected_split_count": 5,
    "fee_model_identical": 1,
    "hard_invalid": 0,
    "invalid_reason": "",
    "lookahead_violations": 0,
    "median_split_expectancy_net": 6.468296017380045e-06,
    "min_split_expectancy_net": -0.0011756882201249827,
    "nan_fail_reason": "",
    "nan_pass": 1,
    "overall_baseline_cvar_5": -0.0021995200959809085,
    "overall_baseline_expectancy_net": -0.0008378556817156361,
    "overall_baseline_max_drawdown": -0.4453465256691803,
    "overall_baseline_pnl_net_sum": -0.301628045417629,
    "overall_baseline_pnl_std": 0.00810629864908505,
    "overall_baseline_sl_hit_rate_valid": 0.9555555555555556,
    "overall_baseline_worst_decile_mean": -0.002199520095980892,
    "overall_cvar_improve_ratio": 0.19084808115760585,
    "overall_delta_expectancy_exec_minus_baseline": 0.0008983735304269164,
    "overall_entries_valid": 354,
    "overall_entry_rate": 0.9833333333333333,
    "overall_exec_cvar_5": -0.001779745906195359,
    "overall_exec_expectancy_net": 6.051784871128032e-05,
    "overall_exec_max_drawdown": -0.18691673781323032,
    "overall_exec_median_entry_improvement_bps": 6.000000000000361,
    "overall_exec_median_fill_delay_min": 0.0,
    "overall_exec_p95_fill_delay_min": 16.049999999999898,
    "overall_exec_pnl_net_sum": 0.021786425536060916,
    "overall_exec_pnl_std": 0.007960847363228163,
    "overall_exec_sl_hit_rate_valid": 0.7598870056497176,
    "overall_exec_taker_share": 0.08192090395480225,
    "overall_exec_worst_decile_mean": -0.0016145424417326035,
    "overall_maxdd_improve_ratio": 0.5802892196534639,
    "overall_min_trades_required": 200,
    "overall_missing_slice_rate": 0.0,
    "overall_signals_total": 360,
    "participation_fail_reason": "",
    "participation_pass": 1,
    "rank_key": [
      1.0,
      1.0,
      1.0,
      1.0,
      6.051784871128032e-05,
      0.19084808115760585,
      0.5802892196534639,
      6.468296017380045e-06,
      -0.0011573650453405035
    ],
    "realism_fail_reason": "",
    "realism_pass": 1,
    "split_count": 5,
    "split_fail_reason": "",
    "split_pass": 1,
    "std_split_expectancy_net": 0.0011573650453405035,
    "tail_gate_pass_cvar": 1,
    "tail_gate_pass_maxdd": 1,
    "valid_for_ranking": 1,
    "viability_fail_reason": "",
    "viability_pass": 1
  },
  "repro_check_pass": 1
}