{
  "best_genome": {
    "break_even_enabled": 0,
    "break_even_offset_bps": 10.0,
    "break_even_trigger_r": 0.8152789115123785,
    "cooldown_min": 20,
    "entry_mode": "hybrid",
    "fallback_delay_min": 0,
    "fallback_to_market": 1,
    "killzone_filter": 0,
    "limit_offset_bps": 6.0,
    "max_fill_delay_min": 43,
    "max_taker_share": 0.12235289122697443,
    "micro_vol_filter": 1,
    "min_entry_improvement_bps_gate": 0.0,
    "min_signal_quality_gate": 0.14773208821042966,
    "mss_displacement_gate": 0,
    "partial_take_enabled": 0,
    "partial_take_pct": 0.4857623428743255,
    "partial_take_r": 0.3,
    "skip_if_vol_gate": 1,
    "sl_mult": 0.5995013444873915,
    "spread_guard_bps": 68.97479927002176,
    "time_stop_min": 3109,
    "tp_mult": 2.572949369302896,
    "trail_start_r": 1.4253446325137367,
    "trail_step_bps": 1.0,
    "trailing_enabled": 0,
    "use_signal_quality_gate": 1,
    "vol_threshold": 3.7976335246961086
  },
  "best_hash": "7c2dd687b585669ec62ab0b9",
  "best_metrics": {
    "constraint_fail_reason": "",
    "constraint_pass": 1,
    "data_quality_fail_reason": "",
    "data_quality_pass": 1,
    "eval_time_sec": 2.231881618499756,
    "expected_split_count": 5,
    "fee_model_identical": 1,
    "hard_invalid": 0,
    "invalid_reason": "",
    "lookahead_violations": 0,
    "median_split_expectancy_net": 6.468296017380045e-06,
    "min_split_expectancy_net": -0.0011756882201249827,
    "nan_fail_reason": "",
    "nan_pass": 1,
    "overall_baseline_cvar_5": -0.0021995200959809085,
    "overall_baseline_expectancy_net": -0.0008378556817156361,
    "overall_baseline_max_drawdown": -0.4453465256691803,
    "overall_baseline_pnl_net_sum": -0.301628045417629,
    "overall_baseline_pnl_std": 0.00810629864908505,
    "overall_baseline_sl_hit_rate_valid": 0.9555555555555556,
    "overall_baseline_worst_decile_mean": -0.002199520095980892,
    "overall_cvar_improve_ratio": 0.19084808115760585,
    "overall_delta_expectancy_exec_minus_baseline": 0.0008983735304269164,
    "overall_entries_valid": 354,
    "overall_entry_rate": 0.9833333333333333,
    "overall_exec_cvar_5": -0.001779745906195359,
    "overall_exec_expectancy_net": 6.051784871128032e-05,
    "overall_exec_max_drawdown": -0.18691673781323032,
    "overall_exec_median_entry_improvement_bps": 6.000000000000361,
    "overall_exec_median_fill_delay_min": 0.0,
    "overall_exec_p95_fill_delay_min": 16.049999999999898,
    "overall_exec_pnl_net_sum": 0.021786425536060916,
    "overall_exec_pnl_std": 0.007960847363228163,
    "overall_exec_sl_hit_rate_valid": 0.7598870056497176,
    "overall_exec_taker_share": 0.08192090395480225,
    "overall_exec_worst_decile_mean": -0.0016145424417326035,
    "overall_maxdd_improve_ratio": 0.5802892196534639,
    "overall_min_trades_required": 200,
    "overall_missing_slice_rate": 0.0,
    "overall_signals_total": 360,
    "participation_fail_reason": "",
    "participation_pass": 1,
    "rank_key": [
      1.0,
      1.0,
      1.0,
      1.0,
      6.051784871128032e-05,
      0.19084808115760585,
      0.5802892196534639,
      6.468296017380045e-06,
      -0.0011573650453405035
    ],
    "realism_fail_reason": "",
    "realism_pass": 1,
    "split_count": 5,
    "split_fail_reason": "",
    "split_pass": 1,
    "std_split_expectancy_net": 0.0011573650453405035,
    "tail_gate_pass_cvar": 1,
    "tail_gate_pass_maxdd": 1,
    "valid_for_ranking": 1,
    "viability_fail_reason": "",
    "viability_pass": 1
  },
  "best_rank_key": [
    1.0,
    1.0,
    1.0,
    1.0,
    6.051784871128032e-05,
    0.19084808115760585,
    0.5802892196534639,
    6.468296017380045e-06,
    -0.0011573650453405035
  ],
  "constraint_fail_count": 0,
  "constraint_fail_hist": {
    "SOLUSDT:entry_rate": 11,
    "SOLUSDT:entry_rate|SOLUSDT:trades<50|overall:entry_rate|overall:trades<200": 16,
    "SOLUSDT:taker_share|overall:taker_share": 2
  },
  "eval_perf": {
    "avg_eval_time_per_new": 0.48029820972614073,
    "cache_hit_count": 14,
    "cache_hit_rate": 0.07291666666666667,
    "eval_time_sec": 85.49308133125305,
    "population_size": 192,
    "population_unique_hashes": 192,
    "uncached_count": 178
  },
  "generated_utc": "2026-02-22T20:00:26.019483+00:00",
  "generation": 23,
  "invalid_count": 29,
  "invalid_reason_histogram": {
    "SOLUSDT:entry_rate": 1311,
    "SOLUSDT:median_fill_delay": 227,
    "SOLUSDT:nan_or_inf": 227,
    "SOLUSDT:p95_fill_delay": 227,
    "SOLUSDT:taker_share": 385,
    "SOLUSDT:trades<50": 686,
    "overall:entry_rate": 686,
    "overall:median_fill_delay": 227,
    "overall:nan_or_inf": 227,
    "overall:p95_fill_delay": 227,
    "overall:taker_share": 357,
    "overall:trades<200": 686
  },
  "nan_fail_count": 4,
  "no_improve_gens": 2,
  "no_viable_gens": 0,
  "participation_fail_count": 27,
  "population_size": 192,
  "pre_eval_dedupe": {
    "pre_eval_duplicates_removed": 1,
    "pre_eval_refill_cache_skip_count": 0,
    "pre_eval_refill_count": 1,
    "pre_eval_refill_duplicate_skip_count": 0,
    "pre_eval_target_size": 192,
    "pre_eval_unique_size": 192
  },
  "pre_eval_duplicates_removed_total": 9,
  "pre_eval_refill_cache_skip_total": 0,
  "pre_eval_refill_duplicate_skip_total": 0,
  "pre_eval_refill_total": 9,
  "realism_fail_count": 6,
  "sampler_reject_histogram": {
    "displacement_with_strict_entry_improvement_gate": 11,
    "displacement_with_strict_limit_and_short_cancel": 2,
    "mss_quality_microvol_stack": 1
  },
  "sampler_repair_histogram": {
    "align_entry_improve_with_limit_offset": 143,
    "cap_cooldown_min_tight": 202,
    "cap_entry_improvement_with_displacement": 45,
    "cap_fallback_delay_min_tight": 442,
    "cap_limit_offset_bps_tight": 103,
    "cap_limit_offset_with_displacement": 245,
    "cap_min_entry_improvement_gate_tight": 164,
    "cap_signal_quality_gate_tight": 32,
    "disable_killzone_filter_tight": 376,
    "disable_skip_if_vol_gate_under_micro_filter": 139,
    "enforce_fallback_for_nonmarket": 376,
    "ensure_fill_window_for_displacement_gate": 35,
    "raise_spread_guard_floor_tight": 31,
    "raise_spread_guard_with_displacement": 29,
    "raise_vol_threshold_under_micro_filter": 35,
    "remove_quality_gate_from_restrictive_stack": 123,
    "soften_quality_gate_under_stack": 86,
    "tighten_fallback_delay_with_displacement": 179
  },
  "sampler_telemetry": {
    "proposal_exploration_count": 88,
    "proposal_feasible_prior_count": 356,
    "proposed_post_repair_total": 431,
    "proposed_pre_repair_total": 444,
    "reject_reason::displacement_with_strict_entry_improvement_gate": 11,
    "reject_reason::displacement_with_strict_limit_and_short_cancel": 2,
    "reject_reason::mss_quality_microvol_stack": 1,
    "rejected_invalid_construction_total": 13,
    "repaired_for_participation_risk_total": 356,
    "risk_bucket_changed_by_repair_total": 69,
    "risk_bucket_post::low": 404,
    "risk_bucket_post::medium": 27,
    "risk_bucket_pre::high": 17,
    "risk_bucket_pre::low": 343,
    "risk_bucket_pre::medium": 84
  },
  "valid_count": 163
}