{
  "best_hash": "89a1c361ecedd014dfbea01a",
  "generation": 0,
  "population": [
    {
      "break_even_enabled": 0,
      "break_even_offset_bps": 1.238019611496456,
      "break_even_trigger_r": 1.2835651558400476,
      "cooldown_min": 34,
      "entry_mode": "limit",
      "fallback_delay_min": 9,
      "fallback_to_market": 0,
      "killzone_filter": 0,
      "limit_offset_bps": 28.435960818271898,
      "max_fill_delay_min": 25,
      "max_taker_share": 0.01810907166688569,
      "micro_vol_filter": 0,
      "min_entry_improvement_bps_gate": 1.7189446737834335,
      "min_signal_quality_gate": 0.5566648979370926,
      "mss_displacement_gate": 0,
      "partial_take_enabled": 0,
      "partial_take_pct": 0.4173443797206241,
      "partial_take_r": 0.9925235383409983,
      "skip_if_vol_gate": 0,
      "sl_mult": 0.7091271002159425,
      "spread_guard_bps": 2.3199569909882722,
      "time_stop_min": 3477,
      "tp_mult": 1.5454303784268988,
      "trail_start_r": 1.4459388735976058,
      "trail_step_bps": 29.56684831855996,
      "trailing_enabled": 0,
      "use_signal_quality_gate": 0,
      "vol_threshold": 2.0970667507377567
    },
    {
      "break_even_enabled": 1,
      "break_even_offset_bps": 4.275923056694029,
      "break_even_trigger_r": 1.1004999664772324,
      "cooldown_min": 134,
      "entry_mode": "limit",
      "fallback_delay_min": 7,
      "fallback_to_market": 1,
      "killzone_filter": 0,
      "limit_offset_bps": 4.327652500723126,
      "max_fill_delay_min": 7,
      "max_taker_share": 0.14006431925320317,
      "micro_vol_filter": 0,
      "min_entry_improvement_bps_gate": 1.9486115198946674,
      "min_signal_quality_gate": 0.574423710258671,
      "mss_displacement_gate": 1,
      "partial_take_enabled": 1,
      "partial_take_pct": 0.735503585217993,
      "partial_take_r": 0.6597203962364189,
      "skip_if_vol_gate": 0,
      "sl_mult": 1.2594260983267573,
      "spread_guard_bps": 22.84817565647169,
      "time_stop_min": 1687,
      "tp_mult": 2.280276914365384,
      "trail_start_r": 1.198402798759511,
      "trail_step_bps": 46.24862779830421,
      "trailing_enabled": 1,
      "use_signal_quality_gate": 0,
      "vol_threshold": 1.309167137330774
    },
    {
      "break_even_enabled": 1,
      "break_even_offset_bps": 5.943698771050184,
      "break_even_trigger_r": 1.1191192078420742,
      "cooldown_min": 174,
      "entry_mode": "limit",
      "fallback_delay_min": 14,
      "fallback_to_market": 0,
      "killzone_filter": 1,
      "limit_offset_bps": 21.883358683176528,
      "max_fill_delay_min": 18,
      "max_taker_share": 0.02951644456374053,
      "micro_vol_filter": 1,
      "min_entry_improvement_bps_gate": 0.7841451409487532,
      "min_signal_quality_gate": 0.6471288545276688,
      "mss_displacement_gate": 1,
      "partial_take_enabled": 1,
      "partial_take_pct": 0.6313217643797395,
      "partial_take_r": 0.8689180049035734,
      "skip_if_vol_gate": 0,
      "sl_mult": 1.5997704725617823,
      "spread_guard_bps": 13.682232246394314,
      "time_stop_min": 2570,
      "tp_mult": 2.170539641335988,
      "trail_start_r": 1.1191192078420742,
      "trail_step_bps": 5.586203808258277,
      "trailing_enabled": 1,
      "use_signal_quality_gate": 1,
      "vol_threshold": 1.4948863109307196
    },
    {
      "break_even_enabled": 1,
      "break_even_offset_bps": 4.965066990299619,
      "break_even_trigger_r": 1.3960202827250767,
      "cooldown_min": 174,
      "entry_mode": "limit",
      "fallback_delay_min": 24,
      "fallback_to_market": 1,
      "killzone_filter": 1,
      "limit_offset_bps": 21.498833831949106,
      "max_fill_delay_min": 42,
      "max_taker_share": 0.005640732013897143,
      "micro_vol_filter": 1,
      "min_entry_improvement_bps_gate": 4.36415549639359,
      "min_signal_quality_gate": 0.9864670810011861,
      "mss_displacement_gate": 0,
      "partial_take_enabled": 0,
      "partial_take_pct": 0.7911875757588122,
      "partial_take_r": 1.2831358054028896,
      "skip_if_vol_gate": 1,
      "sl_mult": 1.55521774531115,
      "spread_guard_bps": 24.436781739323074,
      "time_stop_min": 3259,
      "tp_mult": 1.2185798162471544,
      "trail_start_r": 1.1737811014239965,
      "trail_step_bps": 27.922555548057833,
      "trailing_enabled": 0,
      "use_signal_quality_gate": 1,
      "vol_threshold": 2.066392328621038
    },
    {
      "break_even_enabled": 0,
      "break_even_offset_bps": 5.154914330707784,
      "break_even_trigger_r": 1.1131170714199723,
      "cooldown_min": 17,
      "entry_mode": "market",
      "fallback_delay_min": 3,
      "fallback_to_market": 0,
      "killzone_filter": 0,
      "limit_offset_bps": 4.5276271737332685,
      "max_fill_delay_min": 11,
      "max_taker_share": 0.05798921670488394,
      "micro_vol_filter": 0,
      "min_entry_improvement_bps_gate": 5.638614446534753,
      "min_signal_quality_gate": 0.06224782161868758,
      "mss_displacement_gate": 1,
      "partial_take_enabled": 1,
      "partial_take_pct": 0.4152960127802914,
      "partial_take_r": 0.777683556666781,
      "skip_if_vol_gate": 1,
      "sl_mult": 1.208804635910176,
      "spread_guard_bps": 33.243742462731454,
      "time_stop_min": 2610,
      "tp_mult": 0.8641909811449515,
      "trail_start_r": 1.184965583304312,
      "trail_step_bps": 43.677995556730814,
      "trailing_enabled": 0,
      "use_signal_quality_gate": 1,
      "vol_threshold": 1.0361891795313967
    },
    {
      "break_even_enabled": 1,
      "break_even_offset_bps": 4.741514632317589,
      "break_even_trigger_r": 1.0028489862025103,
      "cooldown_min": 189,
      "entry_mode": "limit",
      "fallback_delay_min": 8,
      "fallback_to_market": 0,
      "killzone_filter": 0,
      "limit_offset_bps": 4.869095633162922,
      "max_fill_delay_min": 21,
      "max_taker_share": 0.025594899431305523,
      "micro_vol_filter": 0,
      "min_entry_improvement_bps_gate": 17.486647547476394,
      "min_signal_quality_gate": 0.7496739204424309,
      "mss_displacement_gate": 0,
      "partial_take_enabled": 1,
      "partial_take_pct": 0.34948185137441556,
      "partial_take_r": 0.8764741255387782,
      "skip_if_vol_gate": 0,
      "sl_mult": 0.5525358250625154,
      "spread_guard_bps": 37.957950342777345,
      "time_stop_min": 2066,
      "tp_mult": 2.035172469471197,
      "trail_start_r": 1.7734053897269224,
      "trail_step_bps": 49.66203336353098,
      "trailing_enabled": 0,
      "use_signal_quality_gate": 0,
      "vol_threshold": 2.6098560639053066
    }
  ]
}